{
    "bleu": 21.137995160626993,
    "chrf2": 44.13194821559857,
    "comet": 0.7453978589263964,
    "cometkiwi": 0.770590646287405
}