{
    "bleu": {
        "n_splits": 300,
        "sample_ratio": 0.4,
        "sample_size": 769,
        "baseline_mean": 21.36507127012726,
        "system_mean": 23.146611186285565,
        "delta_mean": 1.781539916158308,
        "delta_std": 0.5613958971416654,
        "delta_ci_low": 0.7120680522840194,
        "delta_ci_high": 2.7323284992741748,
        "delta_median": 1.8120800956078824,
        "wins": 299,
        "losses": 1,
        "ties": 0,
        "paired_ttest": {
            "statistic": 54.96509087809601,
            "pvalue": 2.4190104260423627e-158
        },
        "bootstrap": {
            "pvalue_two_sided": 0.006666666666666667,
            "prob_system_ge_baseline": 0.9966666666666667,
            "prob_system_le_baseline": 0.0033333333333333335
        },
        "significant_95_ci": true
    },
    "comet": {
        "n_splits": 300,
        "sample_ratio": 0.4,
        "sample_size": 769,
        "baseline_mean": 0.7321331574071859,
        "system_mean": 0.7656297583458844,
        "delta_mean": 0.03349660093869851,
        "delta_std": 0.004486802049819802,
        "delta_ci_low": 0.02546948030280971,
        "delta_ci_high": 0.04295282949183637,
        "delta_median": 0.03335814979242252,
        "wins": 300,
        "losses": 0,
        "ties": 0,
        "paired_ttest": {
            "statistic": 129.30772087218617,
            "pvalue": 1.794368418824708e-264
        },
        "bootstrap": {
            "pvalue_two_sided": 0.0,
            "prob_system_ge_baseline": 1.0,
            "prob_system_le_baseline": 0.0
        },
        "significant_95_ci": true
    },
    "cometkiwi": {
        "n_splits": 300,
        "sample_ratio": 0.4,
        "sample_size": 769,
        "baseline_mean": 0.7554536526881104,
        "system_mean": 0.7793443975767171,
        "delta_mean": 0.023890744888606815,
        "delta_std": 0.0034764977981895095,
        "delta_ci_low": 0.016905558358282047,
        "delta_ci_high": 0.03007248726386393,
        "delta_median": 0.02420493132968876,
        "wins": 300,
        "losses": 0,
        "ties": 0,
        "paired_ttest": {
            "statistic": 119.0277871002344,
            "pvalue": 6.4008489012552334e-254
        },
        "bootstrap": {
            "pvalue_two_sided": 0.0,
            "prob_system_ge_baseline": 1.0,
            "prob_system_le_baseline": 0.0
        },
        "significant_95_ci": true
    }
}