{
    "bleu": 23.37001307254992,
    "chrf2": 45.90571643427695,
    "comet": 0.763618159182486,
    "cometkiwi": 0.7789261541896259
}