{
    "bleu": 22.089077056654045,
    "chrf2": 45.0620043980629,
    "comet": 0.7550545824026839,
    "cometkiwi": 0.774892653591551
}