{
    "bleu": 23.125372847790885,
    "chrf2": 45.981274789767205,
    "comet": 0.7656502287823254,
    "cometkiwi": 0.7794409084611579
}