{
    "bleu": {
        "n_splits": 300,
        "sample_ratio": 0.4,
        "sample_size": 769,
        "baseline_mean": 21.36507127012726,
        "system_mean": 21.167744199427847,
        "delta_mean": -0.1973270706994122,
        "delta_std": 0.5483230760402771,
        "delta_ci_low": -1.2745830733776131,
        "delta_ci_high": 0.7143861936859139,
        "delta_median": -0.17484417585291467,
        "wins": 112,
        "losses": 188,
        "ties": 0,
        "paired_ttest": {
            "statistic": -6.233195849211575,
            "pvalue": 1.5524277733923037e-09
        },
        "bootstrap": {
            "pvalue_two_sided": 0.7466666666666667,
            "prob_system_ge_baseline": 0.37333333333333335,
            "prob_system_le_baseline": 0.6266666666666667
        },
        "significant_95_ci": false
    },
    "comet": {
        "n_splits": 300,
        "sample_ratio": 0.4,
        "sample_size": 769,
        "baseline_mean": 0.7321331574071859,
        "system_mean": 0.7452828471951662,
        "delta_mean": 0.013149689787980227,
        "delta_std": 0.004151984141633475,
        "delta_ci_low": 0.005577582386849153,
        "delta_ci_high": 0.021354965949903403,
        "delta_median": 0.013144785749044208,
        "wins": 300,
        "losses": 0,
        "ties": 0,
        "paired_ttest": {
            "statistic": 54.855534220780655,
            "pvalue": 4.163176802476021e-158
        },
        "bootstrap": {
            "pvalue_two_sided": 0.0,
            "prob_system_ge_baseline": 1.0,
            "prob_system_le_baseline": 0.0
        },
        "significant_95_ci": true
    },
    "cometkiwi": {
        "n_splits": 300,
        "sample_ratio": 0.4,
        "sample_size": 769,
        "baseline_mean": 0.7554536526881104,
        "system_mean": 0.7707111343962318,
        "delta_mean": 0.015257481708121494,
        "delta_std": 0.0035809773866233687,
        "delta_ci_low": 0.0074634492251978626,
        "delta_ci_high": 0.021315121809589794,
        "delta_median": 0.015473493693398843,
        "wins": 300,
        "losses": 0,
        "ties": 0,
        "paired_ttest": {
            "statistic": 73.79754368942807,
            "pvalue": 5.934383048745366e-194
        },
        "bootstrap": {
            "pvalue_two_sided": 0.0,
            "prob_system_ge_baseline": 1.0,
            "prob_system_le_baseline": 0.0
        },
        "significant_95_ci": true
    }
}