{
    "bleu": {
        "n_splits": 300,
        "sample_ratio": 0.4,
        "sample_size": 769,
        "baseline_mean": 21.36507127012726,
        "system_mean": 22.117878811962157,
        "delta_mean": 0.7528075418349001,
        "delta_std": 0.5469541414009749,
        "delta_ci_low": -0.3243101506987543,
        "delta_ci_high": 1.6732739251944215,
        "delta_median": 0.8161952696656893,
        "wins": 272,
        "losses": 28,
        "ties": 0,
        "paired_ttest": {
            "statistic": 23.83930958890361,
            "pvalue": 4.077140622601943e-71
        },
        "bootstrap": {
            "pvalue_two_sided": 0.18666666666666668,
            "prob_system_ge_baseline": 0.9066666666666666,
            "prob_system_le_baseline": 0.09333333333333334
        },
        "significant_95_ci": false
    },
    "comet": {
        "n_splits": 300,
        "sample_ratio": 0.4,
        "sample_size": 769,
        "baseline_mean": 0.7321331574071859,
        "system_mean": 0.7550411540087705,
        "delta_mean": 0.022907996601584574,
        "delta_std": 0.004270894732237932,
        "delta_ci_low": 0.015392602598403629,
        "delta_ci_high": 0.031120175319894507,
        "delta_median": 0.02269996626130627,
        "wins": 300,
        "losses": 0,
        "ties": 0,
        "paired_ttest": {
            "statistic": 92.90281428399582,
            "pvalue": 1.3555764136267608e-222
        },
        "bootstrap": {
            "pvalue_two_sided": 0.0,
            "prob_system_ge_baseline": 1.0,
            "prob_system_le_baseline": 0.0
        },
        "significant_95_ci": true
    },
    "cometkiwi": {
        "n_splits": 300,
        "sample_ratio": 0.4,
        "sample_size": 769,
        "baseline_mean": 0.7554536526881104,
        "system_mean": 0.7748504764028943,
        "delta_mean": 0.01939682371478397,
        "delta_std": 0.003495479281640476,
        "delta_ci_low": 0.012604559531680026,
        "delta_ci_high": 0.025592531818019744,
        "delta_median": 0.01984471086562839,
        "wins": 300,
        "losses": 0,
        "ties": 0,
        "paired_ttest": {
            "statistic": 96.11352685144662,
            "pvalue": 7.289304251631339e-227
        },
        "bootstrap": {
            "pvalue_two_sided": 0.0,
            "prob_system_ge_baseline": 1.0,
            "prob_system_le_baseline": 0.0
        },
        "significant_95_ci": true
    }
}