{
    "bleu": 22.301798614835203,
    "chrf2": 45.275285666652856,
    "comet": 0.7567429160243763,
    "cometkiwi": 0.7755208015907071
}