{
    "bleu": 43.6518157253701,
    "chrf2": 55.46856786041442,
    "comet": 0.8281487785205245,
    "cometkiwi": 0.7571711764633655
}