{
    "bleu": 43.30790326767308,
    "chrf2": 54.51395188198972,
    "comet": 0.8251621456593276,
    "cometkiwi": 0.7593206093609333
}