{
    "bleu": 43.955607764833466,
    "chrf2": 57.2039908222155,
    "comet": 0.8354882352203131,
    "cometkiwi": 0.7566845396086573
}