{
    "default": 3.2175032175032174,
    "footweets": 4.761904761904762,
    "mmtc": 8.108108108108109,
    "pfsmb": 6.306306306306306,
    "rocsmt": 4.247104247104247
}