{
    "bleu": {
        "n_splits": 300,
        "sample_ratio": 0.4,
        "sample_size": 1412,
        "baseline_mean": 43.05261735613249,
        "system_mean": 46.70331799991083,
        "delta_mean": 3.6507006437783427,
        "delta_std": 0.3728091355348496,
        "delta_ci_low": 2.9305427141503477,
        "delta_ci_high": 4.3535411865817135,
        "delta_median": 3.6451606263657617,
        "wins": 300,
        "losses": 0,
        "ties": 0,
        "paired_ttest": {
            "statistic": 169.6095507202885,
            "pvalue": 3.1755850487299844e-299
        },
        "bootstrap": {
            "pvalue_two_sided": 0.0,
            "prob_system_ge_baseline": 1.0,
            "prob_system_le_baseline": 0.0
        },
        "significant_95_ci": true
    },
    "comet": {
        "n_splits": 300,
        "sample_ratio": 0.4,
        "sample_size": 1412,
        "baseline_mean": 0.8273675948503139,
        "system_mean": 0.8487233704942735,
        "delta_mean": 0.021355775643959712,
        "delta_std": 0.0023166381983237535,
        "delta_ci_low": 0.017076228693570866,
        "delta_ci_high": 0.02598757927356126,
        "delta_median": 0.021268925199512012,
        "wins": 300,
        "losses": 0,
        "ties": 0,
        "paired_ttest": {
            "statistic": 159.6679553896006,
            "pvalue": 1.8194234073518897e-291
        },
        "bootstrap": {
            "pvalue_two_sided": 0.0,
            "prob_system_ge_baseline": 1.0,
            "prob_system_le_baseline": 0.0
        },
        "significant_95_ci": true
    },
    "cometkiwi": {
        "n_splits": 300,
        "sample_ratio": 0.4,
        "sample_size": 1412,
        "baseline_mean": 0.7950529235462825,
        "system_mean": 0.8007847621621138,
        "delta_mean": 0.00573183861583106,
        "delta_std": 0.0018302254634462599,
        "delta_ci_low": 0.002478256635367876,
        "delta_ci_high": 0.009379299302656694,
        "delta_median": 0.005762799381787698,
        "wins": 300,
        "losses": 0,
        "ties": 0,
        "paired_ttest": {
            "statistic": 54.24378526955278,
            "pvalue": 8.773254756957259e-157
        },
        "bootstrap": {
            "pvalue_two_sided": 0.0,
            "prob_system_ge_baseline": 1.0,
            "prob_system_le_baseline": 0.0
        },
        "significant_95_ci": true
    }
}