{
    "bleu": 46.68495766266669,
    "chrf2": 58.98022943420391,
    "comet": 0.8484262178876245,
    "cometkiwi": 0.8007671095663023
}