{
    "bleu": {
        "n_splits": 300,
        "sample_ratio": 0.4,
        "sample_size": 1412,
        "baseline_mean": 43.05261735613249,
        "system_mean": 49.048207688254806,
        "delta_mean": 5.995590332122314,
        "delta_std": 0.4071443019877533,
        "delta_ci_low": 5.233584196628762,
        "delta_ci_high": 6.778611025289607,
        "delta_median": 6.0135993728209876,
        "wins": 300,
        "losses": 0,
        "ties": 0,
        "paired_ttest": {
            "statistic": 255.0610932267688,
            "pvalue": 0.0
        },
        "bootstrap": {
            "pvalue_two_sided": 0.0,
            "prob_system_ge_baseline": 1.0,
            "prob_system_le_baseline": 0.0
        },
        "significant_95_ci": true
    },
    "comet": {
        "n_splits": 300,
        "sample_ratio": 0.4,
        "sample_size": 1412,
        "baseline_mean": 0.8273675948503139,
        "system_mean": 0.8578075041885754,
        "delta_mean": 0.03043990933826163,
        "delta_std": 0.002502796135345817,
        "delta_ci_low": 0.02574804736559861,
        "delta_ci_high": 0.035250760719348934,
        "delta_median": 0.03045975576252502,
        "wins": 300,
        "losses": 0,
        "ties": 0,
        "paired_ttest": {
            "statistic": 210.65826659659018,
            "pvalue": 0.0
        },
        "bootstrap": {
            "pvalue_two_sided": 0.0,
            "prob_system_ge_baseline": 1.0,
            "prob_system_le_baseline": 0.0
        },
        "significant_95_ci": true
    },
    "cometkiwi": {
        "n_splits": 300,
        "sample_ratio": 0.4,
        "sample_size": 1412,
        "baseline_mean": 0.7950529235462825,
        "system_mean": 0.7903365971309126,
        "delta_mean": -0.004716326415369935,
        "delta_std": 0.0020774703363049657,
        "delta_ci_low": -0.0091177801361503,
        "delta_ci_high": -0.0007057207655003648,
        "delta_median": -0.004623615792385183,
        "wins": 6,
        "losses": 294,
        "ties": 0,
        "paired_ttest": {
            "statistic": -39.32146146081364,
            "pvalue": 3.4833515573739076e-120
        },
        "bootstrap": {
            "pvalue_two_sided": 0.04,
            "prob_system_ge_baseline": 0.02,
            "prob_system_le_baseline": 0.98
        },
        "significant_95_ci": true
    }
}