{
    "default": {
        "default": 100.00000000000004,
        "rocsmt": 81.18607492803561,
        "footweets": 76.98237610082836,
        "mmtc": 76.93925924409537,
        "pfsmb": 68.5090131120874
    },
    "rocsmt": {
        "default": 81.12439391443739,
        "rocsmt": 100.00000000000004,
        "footweets": 87.1934636996717,
        "mmtc": 87.24987184492404,
        "pfsmb": 74.15504552850251
    },
    "footweets": {
        "default": 76.9661170253377,
        "rocsmt": 87.24301599219167,
        "footweets": 100.00000000000004,
        "mmtc": 93.88438464454337,
        "pfsmb": 82.19170923711188
    },
    "mmtc": {
        "default": 76.91262412353748,
        "rocsmt": 87.28781301858488,
        "footweets": 93.87136933597857,
        "mmtc": 100.00000000000004,
        "pfsmb": 82.08157542727058
    },
    "pfsmb": {
        "default": 68.52595486585768,
        "rocsmt": 74.2287302064419,
        "footweets": 82.22898593049855,
        "mmtc": 82.12975050844176,
        "pfsmb": 100.00000000000004
    }
}