{
    "default": {
        "default": 100.0,
        "rocsmt": 87.53008045584022,
        "footweets": 85.09083193660109,
        "mmtc": 85.13361861847525,
        "pfsmb": 79.91030845057708
    },
    "rocsmt": {
        "default": 88.15016201739839,
        "rocsmt": 100.0,
        "footweets": 92.16995282473115,
        "mmtc": 92.17187918925174,
        "pfsmb": 84.15337387770523
    },
    "footweets": {
        "default": 85.41070089677626,
        "rocsmt": 91.86479759979433,
        "footweets": 100.0,
        "mmtc": 96.15712975237584,
        "pfsmb": 88.99139248649107
    },
    "mmtc": {
        "default": 85.46146355252546,
        "rocsmt": 91.87524746123783,
        "footweets": 96.16615643210368,
        "mmtc": 100.0,
        "pfsmb": 89.01890596775503
    },
    "pfsmb": {
        "default": 79.60159098298499,
        "rocsmt": 83.23874295266711,
        "footweets": 88.3166793799824,
        "mmtc": 88.33577250124573,
        "pfsmb": 100.0
    }
}