{
    "default": {
        "default": 100.00000000000004,
        "rocsmt": 79.96164102316187,
        "footweets": 78.46946497912496,
        "mmtc": 79.17503135462377,
        "pfsmb": 74.41234649923703
    },
    "rocsmt": {
        "default": 79.7879005827231,
        "rocsmt": 100.00000000000004,
        "footweets": 92.19592206759019,
        "mmtc": 91.20579932525479,
        "pfsmb": 81.97714081849615
    },
    "footweets": {
        "default": 78.32213246889046,
        "rocsmt": 92.23766128628388,
        "footweets": 100.00000000000004,
        "mmtc": 93.57950690089373,
        "pfsmb": 85.8202609522425
    },
    "mmtc": {
        "default": 79.02355884694859,
        "rocsmt": 91.24320836763201,
        "footweets": 93.57536701672146,
        "mmtc": 100.00000000000004,
        "pfsmb": 86.96819196640938
    },
    "pfsmb": {
        "default": 74.33259408615096,
        "rocsmt": 82.089447665249,
        "footweets": 85.90547716609714,
        "mmtc": 87.05803565098704,
        "pfsmb": 100.00000000000004
    }
}