{
    "default": {
        "default": 100.0,
        "rocsmt": 86.37563979320213,
        "footweets": 85.36133848377139,
        "mmtc": 85.75687960347935,
        "pfsmb": 82.58627175246477
    },
    "rocsmt": {
        "default": 88.08914345600647,
        "rocsmt": 100.0,
        "footweets": 95.08430655162331,
        "mmtc": 94.37648266896177,
        "pfsmb": 89.007970882975
    },
    "footweets": {
        "default": 86.83287864653472,
        "rocsmt": 94.84059862088566,
        "footweets": 100.0,
        "mmtc": 95.70476886325662,
        "pfsmb": 91.2564330512778
    },
    "mmtc": {
        "default": 87.20145759933715,
        "rocsmt": 94.09850272604515,
        "footweets": 95.66802137860152,
        "mmtc": 100.0,
        "pfsmb": 92.12303813670545
    },
    "pfsmb": {
        "default": 83.5189985734006,
        "rocsmt": 88.26052252485074,
        "footweets": 90.72107720074264,
        "mmtc": 91.61759506808241,
        "pfsmb": 100.0
    }
}