Guidelines,FooTweets,MMTC,PFSMB,RoCS-MT
LLaMa-3.1-8B,1.6500000000000001,0.5,3.2175032175032174,1.1966701352757543
 + FooTweets,7.1,2.25,4.761904761904762,3.3818938605619144
 + MMTC,8.275,4.05,8.108108108108109,4.0582726326742975
 + PFSMB,5.225,2.85,6.306306306306306,3.1737773152965656
 + RoCS-MT,8.200000000000001,2.35,4.247104247104247,3.433922996878252
