{
    "default": {
        "default": 100.00000000000004,
        "rocsmt": 79.03175832249441,
        "footweets": 76.90040233393877,
        "mmtc": 76.36133823299159,
        "pfsmb": 70.66897379958104
    },
    "rocsmt": {
        "default": 78.81091884993171,
        "rocsmt": 100.00000000000004,
        "footweets": 88.83921388686844,
        "mmtc": 85.64888354020057,
        "pfsmb": 78.70413556251154
    },
    "footweets": {
        "default": 76.67186447536854,
        "rocsmt": 88.81149315911841,
        "footweets": 100.00000000000004,
        "mmtc": 91.40892235047745,
        "pfsmb": 85.20176081244597
    },
    "mmtc": {
        "default": 76.13422117911801,
        "rocsmt": 85.62181224804861,
        "footweets": 91.40853936590827,
        "mmtc": 100.00000000000004,
        "pfsmb": 83.66398372343639
    },
    "pfsmb": {
        "default": 70.4708467583624,
        "rocsmt": 78.70183414541616,
        "footweets": 85.22599202613164,
        "mmtc": 83.68811768131019,
        "pfsmb": 100.00000000000004
    }
}