{
    "default": {
        "default": 100.0,
        "rocsmt": 84.94086509840446,
        "footweets": 83.49696663437012,
        "mmtc": 83.10571531524599,
        "pfsmb": 78.26414915672211
    },
    "rocsmt": {
        "default": 86.51540310665621,
        "rocsmt": 100.0,
        "footweets": 92.3495172785602,
        "mmtc": 89.09388880022401,
        "pfsmb": 84.3498536546042
    },
    "footweets": {
        "default": 84.80682379660561,
        "rocsmt": 92.092230886572,
        "footweets": 100.0,
        "mmtc": 92.21735008974554,
        "pfsmb": 89.08601955349688
    },
    "mmtc": {
        "default": 85.3085690036127,
        "rocsmt": 89.78798656763038,
        "footweets": 93.18922378220185,
        "mmtc": 100.0,
        "pfsmb": 87.22754759211985
    },
    "pfsmb": {
        "default": 78.27491100973931,
        "rocsmt": 82.82973595740779,
        "footweets": 87.72971921217685,
        "mmtc": 85.00775342857459,
        "pfsmb": 100.0
    }
}