{
    "bleu": 19.871476088693132,
    "chrf2": 42.5477364344892,
    "comet": 0.7423728040448864,
    "cometkiwi": 0.7612461703399587
}