{
    "bleu": {
        "n_splits": 300,
        "sample_ratio": 0.4,
        "sample_size": 724,
        "baseline_mean": 21.643277172493956,
        "system_mean": 20.442626449885285,
        "delta_mean": -1.2006507226086676,
        "delta_std": 0.5409974287365028,
        "delta_ci_low": -2.275058512991291,
        "delta_ci_high": -0.2796879104800337,
        "delta_median": -1.1472478960327788,
        "wins": 3,
        "losses": 297,
        "ties": 0,
        "paired_ttest": {
            "statistic": -38.43988794104564,
            "pvalue": 1.004017708725395e-117
        },
        "bootstrap": {
            "pvalue_two_sided": 0.02,
            "prob_system_ge_baseline": 0.01,
            "prob_system_le_baseline": 0.99
        },
        "significant_95_ci": true
    },
    "comet": {
        "n_splits": 300,
        "sample_ratio": 0.4,
        "sample_size": 724,
        "baseline_mean": 0.7379657953310051,
        "system_mean": 0.7482905914352497,
        "delta_mean": 0.010324796104244551,
        "delta_std": 0.00483396874179481,
        "delta_ci_low": 0.000417427250919972,
        "delta_ci_high": 0.019951169898229242,
        "delta_median": 0.010511505937214005,
        "wins": 293,
        "losses": 7,
        "ties": 0,
        "paired_ttest": {
            "statistic": 36.994594681017624,
            "pvalue": 1.3074907026098992e-113
        },
        "bootstrap": {
            "pvalue_two_sided": 0.04666666666666667,
            "prob_system_ge_baseline": 0.9766666666666667,
            "prob_system_le_baseline": 0.023333333333333334
        },
        "significant_95_ci": true
    },
    "cometkiwi": {
        "n_splits": 300,
        "sample_ratio": 0.4,
        "sample_size": 724,
        "baseline_mean": 0.7622296166304725,
        "system_mean": 0.769269224271096,
        "delta_mean": 0.007039607640623389,
        "delta_std": 0.003860637206393718,
        "delta_ci_low": -0.00034050018377402007,
        "delta_ci_high": 0.014618246690550191,
        "delta_median": 0.007003750096368555,
        "wins": 291,
        "losses": 9,
        "ties": 0,
        "paired_ttest": {
            "statistic": 31.58276068706133,
            "pvalue": 2.985764957462214e-97
        },
        "bootstrap": {
            "pvalue_two_sided": 0.06,
            "prob_system_ge_baseline": 0.97,
            "prob_system_le_baseline": 0.03
        },
        "significant_95_ci": false
    }
}