{
    "bleu": 19.99213286118873,
    "chrf2": 42.5583511297772,
    "comet": 0.7426865869641897,
    "cometkiwi": 0.7626719584018239
}