{
    "bleu": 19.964528477308228,
    "chrf2": 42.42391349670376,
    "comet": 0.738993850818255,
    "cometkiwi": 0.7623412451274887
}