{
    "bleu": 18.294918645974725,
    "chrf2": 41.61641721179197,
    "comet": 0.7246547525169078,
    "cometkiwi": 0.7514408864042141
}