{
    "bleu": 18.337982316615623,
    "chrf2": 41.71151468039005,
    "comet": 0.7257424082672931,
    "cometkiwi": 0.7508086474083216
}