{
    "bleu": 18.37036774385404,
    "chrf2": 41.721692104362305,
    "comet": 0.728450609279969,
    "cometkiwi": 0.7527940124118241
}