{
    "bleu": 18.397831478789964,
    "chrf2": 41.66957643758026,
    "comet": 0.72961014843353,
    "cometkiwi": 0.7528373557961818
}