{
    "bleu": 43.63706298125534,
    "chrf2": 55.892436562739114,
    "comet": 0.8365781476795673,
    "cometkiwi": 0.7865281598567962
}