{
    "bleu": 43.77285829034922,
    "chrf2": 56.785307758464675,
    "comet": 0.8370992586538195,
    "cometkiwi": 0.7846064832285047
}