{
    "bleu": 44.70840634775104,
    "chrf2": 57.786330132797794,
    "comet": 0.8411519877910614,
    "cometkiwi": 0.7840876130238176
}