{
    "bleu": 44.65440448993312,
    "chrf2": 57.56249813194212,
    "comet": 0.8388488744087518,
    "cometkiwi": 0.7819289611354471
}