{
    "bleu": {
        "n_splits": 300,
        "sample_ratio": 0.4,
        "sample_size": 1600,
        "baseline_mean": 40.724983673538674,
        "system_mean": 44.63210053737237,
        "delta_mean": 3.907116863833687,
        "delta_std": 0.9640026915059955,
        "delta_ci_low": 2.5152818392055614,
        "delta_ci_high": 5.940735195705112,
        "delta_median": 3.8723246303177703,
        "wins": 300,
        "losses": 0,
        "ties": 0,
        "paired_ttest": {
            "statistic": 70.20026996705775,
            "pvalue": 8.120275689335882e-188
        },
        "bootstrap": {
            "pvalue_two_sided": 0.0,
            "prob_system_ge_baseline": 1.0,
            "prob_system_le_baseline": 0.0
        },
        "significant_95_ci": true
    },
    "comet": {
        "n_splits": 300,
        "sample_ratio": 0.4,
        "sample_size": 1600,
        "baseline_mean": 0.7987046187861823,
        "system_mean": 0.8410361248991142,
        "delta_mean": 0.04233150611293191,
        "delta_std": 0.003962808974737517,
        "delta_ci_low": 0.03510574361728505,
        "delta_ci_high": 0.05009744944400147,
        "delta_median": 0.04226490983273834,
        "wins": 300,
        "losses": 0,
        "ties": 0,
        "paired_ttest": {
            "statistic": 185.021079279672,
            "pvalue": 2.0638935064978e-310
        },
        "bootstrap": {
            "pvalue_two_sided": 0.0,
            "prob_system_ge_baseline": 1.0,
            "prob_system_le_baseline": 0.0
        },
        "significant_95_ci": true
    },
    "cometkiwi": {
        "n_splits": 300,
        "sample_ratio": 0.4,
        "sample_size": 1600,
        "baseline_mean": 0.7649179267470415,
        "system_mean": 0.7838828792948275,
        "delta_mean": 0.018964952547786133,
        "delta_std": 0.0028588451813816515,
        "delta_ci_low": 0.013576720200479045,
        "delta_ci_high": 0.02460721827112138,
        "delta_median": 0.01885576963424679,
        "wins": 300,
        "losses": 0,
        "ties": 0,
        "paired_ttest": {
            "statistic": 114.90045557494362,
            "pvalue": 1.955038057828093e-249
        },
        "bootstrap": {
            "pvalue_two_sided": 0.0,
            "prob_system_ge_baseline": 1.0,
            "prob_system_le_baseline": 0.0
        },
        "significant_95_ci": true
    }
}