{
    "bleu": 44.361538421497805,
    "chrf2": 56.86288263953821,
    "comet": 0.8373692125529051,
    "cometkiwi": 0.7843526549860835
}