{
    "default": {
        "default": 100.00000000000004,
        "rocsmt": 70.37345232221773,
        "footweets": 67.38253036452335,
        "mmtc": 67.9715946018823,
        "pfsmb": 63.27674080716948
    },
    "rocsmt": {
        "default": 69.48387102506241,
        "rocsmt": 100.00000000000004,
        "footweets": 92.900070370632,
        "mmtc": 91.29690448156933,
        "pfsmb": 83.14276353045412
    },
    "footweets": {
        "default": 66.52252900291545,
        "rocsmt": 92.78735936357008,
        "footweets": 100.00000000000004,
        "mmtc": 93.96893434701593,
        "pfsmb": 85.59273328114298
    },
    "mmtc": {
        "default": 67.10507462523668,
        "rocsmt": 91.17650607489108,
        "footweets": 93.95830177916956,
        "mmtc": 100.00000000000004,
        "pfsmb": 87.76472257385579
    },
    "pfsmb": {
        "default": 62.486935893151156,
        "rocsmt": 83.21296412717746,
        "footweets": 85.76520036133391,
        "mmtc": 87.95041907668971,
        "pfsmb": 100.00000000000004
    }
}