{
    "default": {
        "default": 100.0,
        "rocsmt": 78.47935698877215,
        "footweets": 76.29049725109695,
        "mmtc": 76.50666951759268,
        "pfsmb": 73.39566690305716
    },
    "rocsmt": {
        "default": 85.46801361034923,
        "rocsmt": 100.0,
        "footweets": 95.179543646471,
        "mmtc": 94.04941930147115,
        "pfsmb": 89.37902098863297
    },
    "footweets": {
        "default": 83.67892308422087,
        "rocsmt": 95.8625881843578,
        "footweets": 100.0,
        "mmtc": 95.9682501451955,
        "pfsmb": 91.68169884451677
    },
    "mmtc": {
        "default": 84.0052692409385,
        "rocsmt": 94.82675730763015,
        "footweets": 96.07192922856274,
        "mmtc": 100.0,
        "pfsmb": 93.06894342449839
    },
    "pfsmb": {
        "default": 80.07851172244688,
        "rocsmt": 89.54403564997827,
        "footweets": 91.1952491446486,
        "mmtc": 92.474461835716,
        "pfsmb": 100.0
    }
}