{
    "default": {
        "default": 100.00000000000004,
        "rocsmt": 72.43361329185686,
        "footweets": 68.01037116720518,
        "mmtc": 66.28096898805575,
        "pfsmb": 66.16759905994988
    },
    "rocsmt": {
        "default": 72.31039085568993,
        "rocsmt": 100.00000000000004,
        "footweets": 83.20461370737998,
        "mmtc": 79.6961363045356,
        "pfsmb": 77.60574505273625
    },
    "footweets": {
        "default": 67.8111723359846,
        "rocsmt": 83.04026769617111,
        "footweets": 100.00000000000004,
        "mmtc": 87.91926912651074,
        "pfsmb": 82.39255509440594
    },
    "mmtc": {
        "default": 66.05878003595093,
        "rocsmt": 79.4867047200104,
        "footweets": 87.84199333747111,
        "mmtc": 100.00000000000004,
        "pfsmb": 84.08905999633376
    },
    "pfsmb": {
        "default": 66.01142351759201,
        "rocsmt": 77.54048855999305,
        "footweets": 82.49751268440127,
        "mmtc": 84.25596404293168,
        "pfsmb": 100.00000000000004
    }
}