{
    "default": {
        "default": 100.0,
        "rocsmt": 78.3072621617932,
        "footweets": 75.4746683900082,
        "mmtc": 73.77055405429233,
        "pfsmb": 74.1330350678584
    },
    "rocsmt": {
        "default": 80.40074886282767,
        "rocsmt": 100.0,
        "footweets": 86.50373231584925,
        "mmtc": 83.73362966399948,
        "pfsmb": 82.62036352828633
    },
    "footweets": {
        "default": 78.69085042336066,
        "rocsmt": 87.8737465210102,
        "footweets": 100.0,
        "mmtc": 91.10236367558488,
        "pfsmb": 86.9506875832286
    },
    "mmtc": {
        "default": 76.8870541575762,
        "rocsmt": 85.02547824532955,
        "footweets": 91.06772034761146,
        "mmtc": 100.0,
        "pfsmb": 88.2124404742258
    },
    "pfsmb": {
        "default": 76.03814103535682,
        "rocsmt": 82.55808935779646,
        "footweets": 85.53273653676918,
        "mmtc": 86.80618376849358,
        "pfsmb": 100.0
    }
}