{
    "default": 1.6500000000000001,
    "footweets": 7.1,
    "mmtc": 8.275,
    "pfsmb": 5.225,
    "rocsmt": 8.200000000000001
}