{
    "bleu": 41.65299807561399,
    "chrf2": 56.45695877674163,
    "comet": 0.7758820508271456,
    "cometkiwi": 0.726126921840012
}