{
    "bleu": 40.42339899915184,
    "chrf2": 55.59536799031469,
    "comet": 0.7511372747123242,
    "cometkiwi": 0.7034305200427771
}