{
    "bleu": 41.16478057101142,
    "chrf2": 55.95232847284014,
    "comet": 0.7632561386115849,
    "cometkiwi": 0.7129063715189695
}