{
    "bleu": 40.238792916421225,
    "chrf2": 53.989449911961295,
    "comet": 0.7518918559923768,
    "cometkiwi": 0.7061960798352956
}