{
    "bleu": 40.335111087571725,
    "chrf2": 55.36888603298789,
    "comet": 0.8095555362403393,
    "cometkiwi": 0.7672904448732734
}