{
    "bleu": {
        "n_splits": 300,
        "sample_ratio": 0.4,
        "sample_size": 1600,
        "baseline_mean": 40.724983673538674,
        "system_mean": 40.31283889556032,
        "delta_mean": -0.4121447779783594,
        "delta_std": 1.0192272878712871,
        "delta_ci_low": -2.0205474223932383,
        "delta_ci_high": 1.5942752318365006,
        "delta_median": -0.4802602622690131,
        "wins": 84,
        "losses": 216,
        "ties": 0,
        "paired_ttest": {
            "statistic": -7.003891124458023,
            "pvalue": 1.6497364258302163e-11
        },
        "bootstrap": {
            "pvalue_two_sided": 0.56,
            "prob_system_ge_baseline": 0.28,
            "prob_system_le_baseline": 0.72
        },
        "significant_95_ci": false
    },
    "comet": {
        "n_splits": 300,
        "sample_ratio": 0.4,
        "sample_size": 1600,
        "baseline_mean": 0.7987046187861823,
        "system_mean": 0.8094087152769789,
        "delta_mean": 0.010704096490796655,
        "delta_std": 0.004353200727783607,
        "delta_ci_low": 0.001752462085802145,
        "delta_ci_high": 0.01884028572868552,
        "delta_median": 0.010879722973331785,
        "wins": 297,
        "losses": 3,
        "ties": 0,
        "paired_ttest": {
            "statistic": 42.58944195440082,
            "pvalue": 5.511752781664734e-129
        },
        "bootstrap": {
            "pvalue_two_sided": 0.02,
            "prob_system_ge_baseline": 0.99,
            "prob_system_le_baseline": 0.01
        },
        "significant_95_ci": true
    },
    "cometkiwi": {
        "n_splits": 300,
        "sample_ratio": 0.4,
        "sample_size": 1600,
        "baseline_mean": 0.7649179267470415,
        "system_mean": 0.7670201222437744,
        "delta_mean": 0.0021021954967329884,
        "delta_std": 0.0036119516987968637,
        "delta_ci_low": -0.004333187770098437,
        "delta_ci_high": 0.009014321448747038,
        "delta_median": 0.001829335317015679,
        "wins": 212,
        "losses": 88,
        "ties": 0,
        "paired_ttest": {
            "statistic": 10.080725633725606,
            "pvalue": 9.154142130202326e-21
        },
        "bootstrap": {
            "pvalue_two_sided": 0.5866666666666667,
            "prob_system_ge_baseline": 0.7066666666666667,
            "prob_system_le_baseline": 0.29333333333333333
        },
        "significant_95_ci": false
    }
}