{
    "bleu": {
        "n_splits": 300,
        "sample_ratio": 0.4,
        "sample_size": 724,
        "baseline_mean": 22.167846347580085,
        "system_mean": 21.89448888546141,
        "delta_mean": -0.27335746211867396,
        "delta_std": 0.29092849707195806,
        "delta_ci_low": -0.8556305534841734,
        "delta_ci_high": 0.25488882208433794,
        "delta_median": -0.26373045157987995,
        "wins": 49,
        "losses": 251,
        "ties": 0,
        "paired_ttest": {
            "statistic": -16.27441167788113,
            "pvalue": 4.358604533608619e-43
        },
        "bootstrap": {
            "pvalue_two_sided": 0.32666666666666666,
            "prob_system_ge_baseline": 0.16333333333333333,
            "prob_system_le_baseline": 0.8366666666666667
        },
        "significant_95_ci": false
    },
    "comet": {
        "n_splits": 300,
        "sample_ratio": 0.4,
        "sample_size": 724,
        "baseline_mean": 0.7588613741106008,
        "system_mean": 0.7580113893331579,
        "delta_mean": -0.0008499847774429877,
        "delta_std": 0.0023280690714763737,
        "delta_ci_low": -0.005294260626545558,
        "delta_ci_high": 0.004028894938528576,
        "delta_median": -0.0006693441173812875,
        "wins": 106,
        "losses": 194,
        "ties": 0,
        "paired_ttest": {
            "statistic": -6.32376778777339,
            "pvalue": 9.280308705716075e-10
        },
        "bootstrap": {
            "pvalue_two_sided": 0.7066666666666667,
            "prob_system_ge_baseline": 0.35333333333333333,
            "prob_system_le_baseline": 0.6466666666666666
        },
        "significant_95_ci": false
    },
    "cometkiwi": {
        "n_splits": 300,
        "sample_ratio": 0.4,
        "sample_size": 724,
        "baseline_mean": 0.7876555464597861,
        "system_mean": 0.7855984731889836,
        "delta_mean": -0.0020570732708025527,
        "delta_std": 0.0017840744362341246,
        "delta_ci_low": -0.005511421570297137,
        "delta_ci_high": 0.0010712292292335414,
        "delta_median": -0.0019519072622883882,
        "wins": 31,
        "losses": 269,
        "ties": 0,
        "paired_ttest": {
            "statistic": -19.970889933509174,
            "pvalue": 5.699255554803307e-57
        },
        "bootstrap": {
            "pvalue_two_sided": 0.20666666666666667,
            "prob_system_ge_baseline": 0.10333333333333333,
            "prob_system_le_baseline": 0.8966666666666666
        },
        "significant_95_ci": false
    }
}