{
    "bleu": {
        "n_splits": 300,
        "sample_ratio": 0.4,
        "sample_size": 724,
        "baseline_mean": 22.167846347580085,
        "system_mean": 21.918322870689217,
        "delta_mean": -0.24952347689086954,
        "delta_std": 0.27356502636727753,
        "delta_ci_low": -0.8335205534688713,
        "delta_ci_high": 0.22359776097566197,
        "delta_median": -0.2315017744797565,
        "wins": 54,
        "losses": 246,
        "ties": 0,
        "paired_ttest": {
            "statistic": -15.798340357878464,
            "pvalue": 2.6829569308057204e-41
        },
        "bootstrap": {
            "pvalue_two_sided": 0.36,
            "prob_system_ge_baseline": 0.18,
            "prob_system_le_baseline": 0.82
        },
        "significant_95_ci": false
    },
    "comet": {
        "n_splits": 300,
        "sample_ratio": 0.4,
        "sample_size": 724,
        "baseline_mean": 0.7588613741106008,
        "system_mean": 0.7594969631086617,
        "delta_mean": 0.000635588998060745,
        "delta_std": 0.0024085354882683783,
        "delta_ci_low": -0.003934693298925235,
        "delta_ci_high": 0.00466707137603703,
        "delta_median": 0.0007032383727270108,
        "wins": 186,
        "losses": 114,
        "ties": 0,
        "paired_ttest": {
            "statistic": 4.570712961196522,
            "pvalue": 7.1214828788139236e-06
        },
        "bootstrap": {
            "pvalue_two_sided": 0.76,
            "prob_system_ge_baseline": 0.62,
            "prob_system_le_baseline": 0.38
        },
        "significant_95_ci": false
    },
    "cometkiwi": {
        "n_splits": 300,
        "sample_ratio": 0.4,
        "sample_size": 724,
        "baseline_mean": 0.7876555464597861,
        "system_mean": 0.785362305042658,
        "delta_mean": -0.0022932414171280753,
        "delta_std": 0.0018877458547190149,
        "delta_ci_low": -0.006217965144067162,
        "delta_ci_high": 0.0013495197653440978,
        "delta_median": -0.0022695777906897585,
        "wins": 34,
        "losses": 266,
        "ties": 0,
        "paired_ttest": {
            "statistic": -21.041024344234625,
            "pvalue": 6.11475516178773e-61
        },
        "bootstrap": {
            "pvalue_two_sided": 0.22666666666666666,
            "prob_system_ge_baseline": 0.11333333333333333,
            "prob_system_le_baseline": 0.8866666666666667
        },
        "significant_95_ci": false
    }
}