{
    "bleu": 21.85422222082637,
    "chrf2": 44.52598485800149,
    "comet": 0.7590701646769225,
    "cometkiwi": 0.7848368559903767
}