{
    "bleu": 22.159973867687118,
    "chrf2": 44.776595200227284,
    "comet": 0.7592859957562816,
    "cometkiwi": 0.7875734851497389
}