{
    "bleu": 47.54115534133435,
    "chrf2": 62.07441440690984,
    "comet": 0.8582236471176148,
    "cometkiwi": 0.7796870145499706
}