{
    "comet": {
        "n_splits": 300,
        "sample_ratio": 0.4,
        "sample_size": 1600,
        "baseline_mean": 0.8524804430565797,
        "system_mean": 0.858073382725753,
        "delta_mean": 0.005592939669173216,
        "delta_std": 0.0012930609939868056,
        "delta_ci_low": 0.0031272704633884597,
        "delta_ci_high": 0.008169562657130926,
        "delta_median": 0.005505050830543035,
        "wins": 300,
        "losses": 0,
        "ties": 0,
        "paired_ttest": {
            "statistic": 74.91723681809806,
            "pvalue": 8.2786187452418e-196
        },
        "bootstrap": {
            "pvalue_two_sided": 0.0,
            "prob_system_ge_baseline": 1.0,
            "prob_system_le_baseline": 0.0
        },
        "significant_95_ci": true
    },
    "cometkiwi": {
        "n_splits": 300,
        "sample_ratio": 0.4,
        "sample_size": 1600,
        "baseline_mean": 0.7811138537960748,
        "system_mean": 0.7796472483538711,
        "delta_mean": -0.001466605442203579,
        "delta_std": 0.0020842194303804596,
        "delta_ci_low": -0.005501894354820233,
        "delta_ci_high": 0.002283332059625534,
        "delta_median": -0.0014937315694987796,
        "wins": 77,
        "losses": 223,
        "ties": 0,
        "paired_ttest": {
            "statistic": -12.187944817738876,
            "pvalue": 5.163947707068945e-28
        },
        "bootstrap": {
            "pvalue_two_sided": 0.5133333333333333,
            "prob_system_ge_baseline": 0.25666666666666665,
            "prob_system_le_baseline": 0.7433333333333333
        },
        "significant_95_ci": false
    },
    "bleu": {
        "n_splits": 300,
        "sample_ratio": 0.4,
        "sample_size": 1600,
        "baseline_mean": 45.71475389723088,
        "system_mean": 47.54115729152329,
        "delta_mean": 1.826403394292422,
        "delta_std": 1.2860716685099294,
        "delta_ci_low": 0.42586308792835,
        "delta_ci_high": 5.07240494293855,
        "delta_median": 1.643452159711643,
        "wins": 300,
        "losses": 0,
        "ties": 0,
        "paired_ttest": {
            "statistic": 24.597567549994626,
            "pvalue": 8.184624720872287e-74
        },
        "bootstrap": {
            "pvalue_two_sided": 0.0,
            "prob_system_ge_baseline": 1.0,
            "prob_system_le_baseline": 0.0
        },
        "significant_95_ci": true
    }
}