{
    "bleu": {
        "n_splits": 300,
        "sample_ratio": 0.4,
        "sample_size": 1600,
        "baseline_mean": 40.724983673538674,
        "system_mean": 47.34265885106386,
        "delta_mean": 6.617675177525184,
        "delta_std": 1.07514357373036,
        "delta_ci_low": 4.849125805189043,
        "delta_ci_high": 8.811133805676018,
        "delta_median": 6.566076569878085,
        "wins": 300,
        "losses": 0,
        "ties": 0,
        "paired_ttest": {
            "statistic": 106.61040920973453,
            "pvalue": 6.083363105335137e-240
        },
        "bootstrap": {
            "pvalue_two_sided": 0.0,
            "prob_system_ge_baseline": 1.0,
            "prob_system_le_baseline": 0.0
        },
        "significant_95_ci": true
    },
    "comet": {
        "n_splits": 300,
        "sample_ratio": 0.4,
        "sample_size": 1600,
        "baseline_mean": 0.7987046187861823,
        "system_mean": 0.8583997670187925,
        "delta_mean": 0.05969514823261027,
        "delta_std": 0.003960503338300157,
        "delta_ci_low": 0.05257300541084259,
        "delta_ci_high": 0.06755612204829226,
        "delta_median": 0.05982357616536316,
        "wins": 300,
        "losses": 0,
        "ties": 0,
        "paired_ttest": {
            "statistic": 261.0653769796176,
            "pvalue": 0.0
        },
        "bootstrap": {
            "pvalue_two_sided": 0.0,
            "prob_system_ge_baseline": 1.0,
            "prob_system_le_baseline": 0.0
        },
        "significant_95_ci": true
    },
    "cometkiwi": {
        "n_splits": 300,
        "sample_ratio": 0.4,
        "sample_size": 1600,
        "baseline_mean": 0.7649179267470415,
        "system_mean": 0.7830535151685899,
        "delta_mean": 0.018135588421548398,
        "delta_std": 0.0027562491218549646,
        "delta_ci_low": 0.012895363877993083,
        "delta_ci_high": 0.02333589296182617,
        "delta_median": 0.018145899660885312,
        "wins": 300,
        "losses": 0,
        "ties": 0,
        "paired_ttest": {
            "statistic": 113.96560754326686,
            "pvalue": 2.1300308389759096e-248
        },
        "bootstrap": {
            "pvalue_two_sided": 0.0,
            "prob_system_ge_baseline": 1.0,
            "prob_system_le_baseline": 0.0
        },
        "significant_95_ci": true
    }
}