{
    "bleu": 47.42746112822976,
    "chrf2": 61.88389880881261,
    "comet": 0.8582031246647239,
    "cometkiwi": 0.7811752439886331
}