{
    "bleu": {
        "n_splits": 300,
        "sample_ratio": 0.4,
        "sample_size": 1600,
        "baseline_mean": 40.724983673538674,
        "system_mean": 47.27825626169266,
        "delta_mean": 6.553272588153982,
        "delta_std": 1.082711511018424,
        "delta_ci_low": 4.7511646655085205,
        "delta_ci_high": 8.813861033941999,
        "delta_median": 6.5079795173987876,
        "wins": 300,
        "losses": 0,
        "ties": 0,
        "paired_ttest": {
            "statistic": 104.83495338342202,
            "pvalue": 8.095933432097314e-238
        },
        "bootstrap": {
            "pvalue_two_sided": 0.0,
            "prob_system_ge_baseline": 1.0,
            "prob_system_le_baseline": 0.0
        },
        "significant_95_ci": true
    },
    "comet": {
        "n_splits": 300,
        "sample_ratio": 0.4,
        "sample_size": 1600,
        "baseline_mean": 0.7987046187861823,
        "system_mean": 0.8580804509185875,
        "delta_mean": 0.05937583213240529,
        "delta_std": 0.004030558394623077,
        "delta_ci_low": 0.05174971595057288,
        "delta_ci_high": 0.06755317303538322,
        "delta_median": 0.05946305067744101,
        "wins": 300,
        "losses": 0,
        "ties": 0,
        "paired_ttest": {
            "statistic": 255.15560854347598,
            "pvalue": 0.0
        },
        "bootstrap": {
            "pvalue_two_sided": 0.0,
            "prob_system_ge_baseline": 1.0,
            "prob_system_le_baseline": 0.0
        },
        "significant_95_ci": true
    },
    "cometkiwi": {
        "n_splits": 300,
        "sample_ratio": 0.4,
        "sample_size": 1600,
        "baseline_mean": 0.7649179267470415,
        "system_mean": 0.7811423670778672,
        "delta_mean": 0.01622444033082574,
        "delta_std": 0.0028906480599488744,
        "delta_ci_low": 0.010614207600709072,
        "delta_ci_high": 0.022059170313645127,
        "delta_median": 0.016126449443399915,
        "wins": 300,
        "losses": 0,
        "ties": 0,
        "paired_ttest": {
            "statistic": 97.21541465638265,
            "pvalue": 2.680392131747036e-228
        },
        "bootstrap": {
            "pvalue_two_sided": 0.0,
            "prob_system_ge_baseline": 1.0,
            "prob_system_le_baseline": 0.0
        },
        "significant_95_ci": true
    }
}