{
    "bleu": 47.24429448671602,
    "chrf2": 61.85249844657142,
    "comet": 0.8584012613743544,
    "cometkiwi": 0.7821281253397465
}