{
    "bleu": {
        "n_splits": 300,
        "sample_ratio": 0.4,
        "sample_size": 1600,
        "baseline_mean": 40.724983673538674,
        "system_mean": 46.759039703581365,
        "delta_mean": 6.03405603004269,
        "delta_std": 1.5237603014904348,
        "delta_ci_low": 2.2676936285605094,
        "delta_ci_high": 8.166830555018567,
        "delta_median": 6.114743166721691,
        "wins": 299,
        "losses": 1,
        "ties": 0,
        "paired_ttest": {
            "statistic": 68.58881682065464,
            "pvalue": 5.61548203747046e-185
        },
        "bootstrap": {
            "pvalue_two_sided": 0.006666666666666667,
            "prob_system_ge_baseline": 0.9966666666666667,
            "prob_system_le_baseline": 0.0033333333333333335
        },
        "significant_95_ci": true
    },
    "comet": {
        "n_splits": 300,
        "sample_ratio": 0.4,
        "sample_size": 1600,
        "baseline_mean": 0.7987046187861823,
        "system_mean": 0.8583185798491663,
        "delta_mean": 0.059613961062983924,
        "delta_std": 0.003991590637872259,
        "delta_ci_low": 0.052326643123058666,
        "delta_ci_high": 0.06747897404851388,
        "delta_median": 0.059640403683297316,
        "wins": 300,
        "losses": 0,
        "ties": 0,
        "paired_ttest": {
            "statistic": 258.6798566512354,
            "pvalue": 0.0
        },
        "bootstrap": {
            "pvalue_two_sided": 0.0,
            "prob_system_ge_baseline": 1.0,
            "prob_system_le_baseline": 0.0
        },
        "significant_95_ci": true
    },
    "cometkiwi": {
        "n_splits": 300,
        "sample_ratio": 0.4,
        "sample_size": 1600,
        "baseline_mean": 0.7649179267470415,
        "system_mean": 0.7820824037934343,
        "delta_mean": 0.017164477046392852,
        "delta_std": 0.002841004614446764,
        "delta_ci_low": 0.011717195278033596,
        "delta_ci_high": 0.022855774633120784,
        "delta_median": 0.01721420407295221,
        "wins": 300,
        "losses": 0,
        "ties": 0,
        "paired_ttest": {
            "statistic": 104.64518846088373,
            "pvalue": 1.3718649662210952e-237
        },
        "bootstrap": {
            "pvalue_two_sided": 0.0,
            "prob_system_ge_baseline": 1.0,
            "prob_system_le_baseline": 0.0
        },
        "significant_95_ci": true
    }
}