{
    "bleu": 47.45332608785799,
    "chrf2": 61.92185786341919,
    "comet": 0.8584952898472548,
    "cometkiwi": 0.7831521098986268
}