{
    "bleu": 46.07489305500667,
    "chrf2": 60.88121912453156,
    "comet": 0.8525426808856428,
    "cometkiwi": 0.7811201820224524
}