{
    "bleu": 18.991652213016398,
    "chrf2": 41.63778921915359,
    "comet": 0.7219398943600744,
    "cometkiwi": 0.7524574200363983
}