{
    "lines": 1922,
    "urls": 0,
    "usernames": 1,
    "hashtags": 1,
    "urls_per_line": 0.0,
    "usernames_per_line": 0.0005202913631633715,
    "hashtags_per_line": 0.0005202913631633715
}