{
    "bleu": 18.51681200206436,
    "chrf2": 41.20713540239988,
    "comet": 0.7161480334512773,
    "cometkiwi": 0.742976423248292
}