{
    "bleu": 18.07608372174295,
    "chrf2": 40.71505878008602,
    "comet": 0.7075947022354317,
    "cometkiwi": 0.7376937770384532
}