{
    "default": {
        "default": 100.00000000000004,
        "rocsmt": 68.53623381201216,
        "footweets": 62.92003499521569,
        "mmtc": 63.33935207027484,
        "pfsmb": 59.865327785431056
    },
    "rocsmt": {
        "default": 67.76074439847949,
        "rocsmt": 100.00000000000004,
        "footweets": 83.82185259035586,
        "mmtc": 83.36275087597582,
        "pfsmb": 78.48036665681511
    },
    "footweets": {
        "default": 62.10676831649417,
        "rocsmt": 83.394379270846,
        "footweets": 100.00000000000004,
        "mmtc": 92.27489404230144,
        "pfsmb": 88.61360720096454
    },
    "mmtc": {
        "default": 62.53341799523888,
        "rocsmt": 83.00504958488128,
        "footweets": 92.36724303922587,
        "mmtc": 100.00000000000004,
        "pfsmb": 89.1091965979
    },
    "pfsmb": {
        "default": 59.1008103628085,
        "rocsmt": 78.1350766105729,
        "footweets": 88.69121508283988,
        "mmtc": 89.09775419613422,
        "pfsmb": 100.00000000000004
    }
}