{
    "default": {
        "default": 100.0,
        "rocsmt": 76.84976766661599,
        "footweets": 72.88657500879422,
        "mmtc": 72.72841886139767,
        "pfsmb": 70.57934700181492
    },
    "rocsmt": {
        "default": 81.75151330373951,
        "rocsmt": 100.0,
        "footweets": 88.67410672331805,
        "mmtc": 87.83408353463726,
        "pfsmb": 84.87214396852148
    },
    "footweets": {
        "default": 79.40384400376995,
        "rocsmt": 90.80398743136698,
        "footweets": 100.0,
        "mmtc": 94.70552012404218,
        "pfsmb": 92.41973769310111
    },
    "mmtc": {
        "default": 79.01714988821301,
        "rocsmt": 89.69631940757213,
        "footweets": 94.43099056826408,
        "mmtc": 100.0,
        "pfsmb": 92.45638450493523
    },
    "pfsmb": {
        "default": 76.59844104067058,
        "rocsmt": 86.57554762366529,
        "footweets": 92.04926166877148,
        "mmtc": 92.35323842108005,
        "pfsmb": 100.0
    }
}