{
    "default": {
        "default": 100.00000000000004,
        "rocsmt": 71.08987561747948,
        "footweets": 70.32540964220244,
        "mmtc": 71.06000979261087,
        "pfsmb": 70.18021839362952
    },
    "rocsmt": {
        "default": 71.01179602099755,
        "rocsmt": 100.00000000000004,
        "footweets": 86.12103259352627,
        "mmtc": 82.57500960025979,
        "pfsmb": 81.5607968652674
    },
    "footweets": {
        "default": 70.25453533974326,
        "rocsmt": 86.12231921867635,
        "footweets": 100.00000000000004,
        "mmtc": 86.10952692292247,
        "pfsmb": 86.63885255101063
    },
    "mmtc": {
        "default": 70.9517937743968,
        "rocsmt": 82.52623416048786,
        "footweets": 86.05507754367343,
        "mmtc": 100.00000000000004,
        "pfsmb": 85.89883697844753
    },
    "pfsmb": {
        "default": 70.04553424916627,
        "rocsmt": 81.47879773223724,
        "footweets": 86.54767624125456,
        "mmtc": 85.8621892343595,
        "pfsmb": 100.00000000000004
    }
}