{
    "default": {
        "default": 100.0,
        "rocsmt": 76.87727200963069,
        "footweets": 76.38978084056735,
        "mmtc": 76.92100909264857,
        "pfsmb": 76.89338994503062
    },
    "rocsmt": {
        "default": 76.966682066716,
        "rocsmt": 100.0,
        "footweets": 89.32938110480656,
        "mmtc": 85.26964498883136,
        "pfsmb": 85.64015577299938
    },
    "footweets": {
        "default": 76.59698094371346,
        "rocsmt": 89.43370012090521,
        "footweets": 100.0,
        "mmtc": 87.94338854580475,
        "pfsmb": 89.65492702770509
    },
    "mmtc": {
        "default": 78.00179651510456,
        "rocsmt": 86.38572846134768,
        "footweets": 88.96736683625386,
        "mmtc": 100.0,
        "pfsmb": 88.33632856106408
    },
    "pfsmb": {
        "default": 76.98113568682601,
        "rocsmt": 85.65871253124661,
        "footweets": 89.53533606469176,
        "mmtc": 87.22740563554498,
        "pfsmb": 100.0
    }
}