{
    "bleu": {
        "n_splits": 300,
        "sample_ratio": 0.4,
        "sample_size": 724,
        "baseline_mean": 20.442626449885285,
        "system_mean": 20.023885703960442,
        "delta_mean": -0.41874074592484617,
        "delta_std": 0.34372437375134546,
        "delta_ci_low": -1.0521931551618473,
        "delta_ci_high": 0.28549029722271996,
        "delta_median": -0.42836303891577643,
        "wins": 33,
        "losses": 267,
        "ties": 0,
        "paired_ttest": {
            "statistic": -21.100634768071487,
            "pvalue": 3.684393156660845e-61
        },
        "bootstrap": {
            "pvalue_two_sided": 0.22,
            "prob_system_ge_baseline": 0.11,
            "prob_system_le_baseline": 0.89
        },
        "significant_95_ci": false
    },
    "comet": {
        "n_splits": 300,
        "sample_ratio": 0.4,
        "sample_size": 724,
        "baseline_mean": 0.7482905914352497,
        "system_mean": 0.7429312513547076,
        "delta_mean": -0.005359340080542021,
        "delta_std": 0.003006776195012539,
        "delta_ci_low": -0.010553492872219395,
        "delta_ci_high": -0.00036707750588495664,
        "delta_median": -0.005234804416064998,
        "wins": 5,
        "losses": 295,
        "ties": 0,
        "paired_ttest": {
            "statistic": -30.872431842238754,
            "pvalue": 5.4699597845077606e-95
        },
        "bootstrap": {
            "pvalue_two_sided": 0.03333333333333333,
            "prob_system_ge_baseline": 0.016666666666666666,
            "prob_system_le_baseline": 0.9833333333333333
        },
        "significant_95_ci": true
    },
    "cometkiwi": {
        "n_splits": 300,
        "sample_ratio": 0.4,
        "sample_size": 724,
        "baseline_mean": 0.769269224271096,
        "system_mean": 0.7629109978474141,
        "delta_mean": -0.00635822642368177,
        "delta_std": 0.002649207473008672,
        "delta_ci_low": -0.01138881879925561,
        "delta_ci_high": -0.0007569177374655456,
        "delta_median": -0.006476215730055912,
        "wins": 4,
        "losses": 296,
        "ties": 0,
        "paired_ttest": {
            "statistic": -41.57005943870722,
            "pvalue": 2.7171644235162932e-126
        },
        "bootstrap": {
            "pvalue_two_sided": 0.02666666666666667,
            "prob_system_ge_baseline": 0.013333333333333334,
            "prob_system_le_baseline": 0.9866666666666667
        },
        "significant_95_ci": true
    }
}