{
    "bleu": 20.547086064985663,
    "chrf2": 43.21473037427798,
    "comet": 0.749119826604346,
    "cometkiwi": 0.7666750536102034
}