{
    "bleu": 20.418100747179736,
    "chrf2": 43.17367476883675,
    "comet": 0.7482534220381426,
    "cometkiwi": 0.7691612535415268
}