{
    "bleu": {
        "n_splits": 300,
        "sample_ratio": 0.4,
        "sample_size": 724,
        "baseline_mean": 21.643277172493956,
        "system_mean": 20.569929507985677,
        "delta_mean": -1.0733476645082782,
        "delta_std": 0.5430499700794817,
        "delta_ci_low": -2.2190279867347176,
        "delta_ci_high": -0.17792471240117724,
        "delta_median": -1.0330727754771267,
        "wins": 5,
        "losses": 295,
        "ties": 0,
        "paired_ttest": {
            "statistic": -34.234283980194895,
            "pvalue": 1.8538486333049174e-105
        },
        "bootstrap": {
            "pvalue_two_sided": 0.03333333333333333,
            "prob_system_ge_baseline": 0.016666666666666666,
            "prob_system_le_baseline": 0.9833333333333333
        },
        "significant_95_ci": true
    },
    "comet": {
        "n_splits": 300,
        "sample_ratio": 0.4,
        "sample_size": 724,
        "baseline_mean": 0.7379657953310051,
        "system_mean": 0.7493013483736642,
        "delta_mean": 0.011335553042659229,
        "delta_std": 0.00454161492632179,
        "delta_ci_low": 0.0021694756961988582,
        "delta_ci_high": 0.020223765306751088,
        "delta_median": 0.0114811413833944,
        "wins": 297,
        "losses": 3,
        "ties": 0,
        "paired_ttest": {
            "statistic": 43.230776101220336,
            "pvalue": 1.176827494142747e-130
        },
        "bootstrap": {
            "pvalue_two_sided": 0.02,
            "prob_system_ge_baseline": 0.99,
            "prob_system_le_baseline": 0.01
        },
        "significant_95_ci": true
    },
    "cometkiwi": {
        "n_splits": 300,
        "sample_ratio": 0.4,
        "sample_size": 724,
        "baseline_mean": 0.7622296166304725,
        "system_mean": 0.7669141716006491,
        "delta_mean": 0.004684554970176619,
        "delta_std": 0.003978828721846538,
        "delta_ci_low": -0.0024741178152063613,
        "delta_ci_high": 0.012647898757614134,
        "delta_median": 0.004430861330658009,
        "wins": 262,
        "losses": 38,
        "ties": 0,
        "paired_ttest": {
            "statistic": 20.392652678524026,
            "pvalue": 1.5385967141381136e-58
        },
        "bootstrap": {
            "pvalue_two_sided": 0.25333333333333335,
            "prob_system_ge_baseline": 0.8733333333333333,
            "prob_system_le_baseline": 0.12666666666666668
        },
        "significant_95_ci": false
    }
}