{
    "bleu": {
        "n_splits": 300,
        "sample_ratio": 0.4,
        "sample_size": 724,
        "baseline_mean": 20.442626449885285,
        "system_mean": 19.998155349776308,
        "delta_mean": -0.4444711001089809,
        "delta_std": 0.3169393797599674,
        "delta_ci_low": -1.0696369164222692,
        "delta_ci_high": 0.180126274919489,
        "delta_median": -0.45323194633101416,
        "wins": 30,
        "losses": 270,
        "ties": 0,
        "paired_ttest": {
            "statistic": -24.290024435203584,
            "pvalue": 1.008511038227104e-72
        },
        "bootstrap": {
            "pvalue_two_sided": 0.2,
            "prob_system_ge_baseline": 0.1,
            "prob_system_le_baseline": 0.9
        },
        "significant_95_ci": false
    },
    "comet": {
        "n_splits": 300,
        "sample_ratio": 0.4,
        "sample_size": 724,
        "baseline_mean": 0.7482905914352497,
        "system_mean": 0.7390367566969102,
        "delta_mean": -0.009253834738339512,
        "delta_std": 0.003097719199269109,
        "delta_ci_low": -0.015277863498674257,
        "delta_ci_high": -0.003630797725520763,
        "delta_median": -0.008997096623505008,
        "wins": 0,
        "losses": 300,
        "ties": 0,
        "paired_ttest": {
            "statistic": -51.74165539417398,
            "pvalue": 3.068681391874038e-151
        },
        "bootstrap": {
            "pvalue_two_sided": 0.0,
            "prob_system_ge_baseline": 0.0,
            "prob_system_le_baseline": 1.0
        },
        "significant_95_ci": true
    },
    "cometkiwi": {
        "n_splits": 300,
        "sample_ratio": 0.4,
        "sample_size": 724,
        "baseline_mean": 0.769269224271096,
        "system_mean": 0.7623637677538407,
        "delta_mean": -0.006905456517255325,
        "delta_std": 0.0027078085070989686,
        "delta_ci_low": -0.012573047973297915,
        "delta_ci_high": -0.001741393363278197,
        "delta_median": -0.006965709778156082,
        "wins": 2,
        "losses": 298,
        "ties": 0,
        "paired_ttest": {
            "statistic": -44.17078056290596,
            "pvalue": 4.511998950783849e-133
        },
        "bootstrap": {
            "pvalue_two_sided": 0.013333333333333334,
            "prob_system_ge_baseline": 0.006666666666666667,
            "prob_system_le_baseline": 0.9933333333333333
        },
        "significant_95_ci": true
    }
}