{
    "bleu": {
        "n_splits": 300,
        "sample_ratio": 0.4,
        "sample_size": 724,
        "baseline_mean": 21.643277172493956,
        "system_mean": 20.023885703960442,
        "delta_mean": -1.6193914685335138,
        "delta_std": 0.5421065936950779,
        "delta_ci_low": -2.5829262134217954,
        "delta_ci_high": -0.5494507405653637,
        "delta_median": -1.5873331786807672,
        "wins": 0,
        "losses": 300,
        "ties": 0,
        "paired_ttest": {
            "statistic": -51.74016205420468,
            "pvalue": 3.092604269437039e-151
        },
        "bootstrap": {
            "pvalue_two_sided": 0.0,
            "prob_system_ge_baseline": 0.0,
            "prob_system_le_baseline": 1.0
        },
        "significant_95_ci": true
    },
    "comet": {
        "n_splits": 300,
        "sample_ratio": 0.4,
        "sample_size": 724,
        "baseline_mean": 0.7379657953310051,
        "system_mean": 0.7429312513547076,
        "delta_mean": 0.00496545602370253,
        "delta_std": 0.004905750373598767,
        "delta_ci_low": -0.004689488573339426,
        "delta_ci_high": 0.014270609207142572,
        "delta_median": 0.004929713493223353,
        "wins": 255,
        "losses": 45,
        "ties": 0,
        "paired_ttest": {
            "statistic": 17.531308078956744,
            "pvalue": 8.052646920868806e-48
        },
        "bootstrap": {
            "pvalue_two_sided": 0.3,
            "prob_system_ge_baseline": 0.85,
            "prob_system_le_baseline": 0.15
        },
        "significant_95_ci": false
    },
    "cometkiwi": {
        "n_splits": 300,
        "sample_ratio": 0.4,
        "sample_size": 724,
        "baseline_mean": 0.7622296166304725,
        "system_mean": 0.7629109978474141,
        "delta_mean": 0.0006813812169416193,
        "delta_std": 0.00410665632857566,
        "delta_ci_low": -0.006759959649685679,
        "delta_ci_high": 0.008562668215339294,
        "delta_median": 0.0006969650764820923,
        "wins": 175,
        "losses": 125,
        "ties": 0,
        "paired_ttest": {
            "statistic": 2.8738389400978397,
            "pvalue": 0.004345806946355845
        },
        "bootstrap": {
            "pvalue_two_sided": 0.8333333333333334,
            "prob_system_ge_baseline": 0.5833333333333334,
            "prob_system_le_baseline": 0.4166666666666667
        },
        "significant_95_ci": false
    }
}