{
    "bleu": {
        "n_splits": 300,
        "sample_ratio": 0.4,
        "sample_size": 724,
        "baseline_mean": 21.643277172493956,
        "system_mean": 19.89998890152915,
        "delta_mean": -1.7432882709648034,
        "delta_std": 0.5304730323424242,
        "delta_ci_low": -2.7603642121335996,
        "delta_ci_high": -0.7234160538982078,
        "delta_median": -1.7274315229219699,
        "wins": 0,
        "losses": 300,
        "ties": 0,
        "paired_ttest": {
            "statistic": -56.920214100551185,
            "pvalue": 1.7362493721013925e-162
        },
        "bootstrap": {
            "pvalue_two_sided": 0.0,
            "prob_system_ge_baseline": 0.0,
            "prob_system_le_baseline": 1.0
        },
        "significant_95_ci": true
    },
    "comet": {
        "n_splits": 300,
        "sample_ratio": 0.4,
        "sample_size": 724,
        "baseline_mean": 0.7379657953310051,
        "system_mean": 0.7426070791797826,
        "delta_mean": 0.004641283848777441,
        "delta_std": 0.004952599307767163,
        "delta_ci_low": -0.005132447851008745,
        "delta_ci_high": 0.013324857313823987,
        "delta_median": 0.004471286215423198,
        "wins": 249,
        "losses": 51,
        "ties": 0,
        "paired_ttest": {
            "statistic": 16.231758191751716,
            "pvalue": 6.306579119906396e-43
        },
        "bootstrap": {
            "pvalue_two_sided": 0.34,
            "prob_system_ge_baseline": 0.83,
            "prob_system_le_baseline": 0.17
        },
        "significant_95_ci": false
    },
    "cometkiwi": {
        "n_splits": 300,
        "sample_ratio": 0.4,
        "sample_size": 724,
        "baseline_mean": 0.7622296166304725,
        "system_mean": 0.7614997942434216,
        "delta_mean": -0.0007298223870509638,
        "delta_std": 0.0042983376626093564,
        "delta_ci_low": -0.008287195664784244,
        "delta_ci_high": 0.00826062947120621,
        "delta_median": -0.000630610843719015,
        "wins": 128,
        "losses": 172,
        "ties": 0,
        "paired_ttest": {
            "statistic": -2.940879833312321,
            "pvalue": 0.0035284356832781688
        },
        "bootstrap": {
            "pvalue_two_sided": 0.8533333333333334,
            "prob_system_ge_baseline": 0.4266666666666667,
            "prob_system_le_baseline": 0.5733333333333334
        },
        "significant_95_ci": false
    }
}