{
    "bleu": 40.898228790387606,
    "chrf2": 57.27555149086818,
    "comet": 0.7990356555879116
}