{
    "bleu": 40.898228790387606,
    "chrf2": 57.27555149086818,
    "comet": 0.7989847519882023,
    "cometkiwi": 0.7651340549588204
}