{
    "bleu": {
        "n_splits": 300,
        "sample_ratio": 0.4,
        "sample_size": 1412,
        "baseline_mean": 40.65687670544319,
        "system_mean": 46.41895929088788,
        "delta_mean": 5.762082585444685,
        "delta_std": 1.560414521959383,
        "delta_ci_low": 2.741352091502186,
        "delta_ci_high": 9.222038100185355,
        "delta_median": 5.744641456294932,
        "wins": 300,
        "losses": 0,
        "ties": 0,
        "paired_ttest": {
            "statistic": 63.958772844962105,
            "pvalue": 1.7677637209586657e-176
        },
        "bootstrap": {
            "pvalue_two_sided": 0.0,
            "prob_system_ge_baseline": 1.0,
            "prob_system_le_baseline": 0.0
        },
        "significant_95_ci": true
    },
    "comet": {
        "n_splits": 300,
        "sample_ratio": 0.4,
        "sample_size": 1412,
        "baseline_mean": 0.8001106802040642,
        "system_mean": 0.854991715087347,
        "delta_mean": 0.05488103488328267,
        "delta_std": 0.0037003126287857486,
        "delta_ci_low": 0.04822521626305565,
        "delta_ci_high": 0.062411552225437456,
        "delta_median": 0.054847864302207616,
        "wins": 300,
        "losses": 0,
        "ties": 0,
        "paired_ttest": {
            "statistic": 256.88840464541556,
            "pvalue": 0.0
        },
        "bootstrap": {
            "pvalue_two_sided": 0.0,
            "prob_system_ge_baseline": 1.0,
            "prob_system_le_baseline": 0.0
        },
        "significant_95_ci": true
    },
    "cometkiwi": {
        "n_splits": 300,
        "sample_ratio": 0.4,
        "sample_size": 1412,
        "baseline_mean": 0.7677551938116381,
        "system_mean": 0.7852615613942724,
        "delta_mean": 0.01750636758263433,
        "delta_std": 0.0029186637375542253,
        "delta_ci_low": 0.011791702897074161,
        "delta_ci_high": 0.02272418715619081,
        "delta_median": 0.01757902798715122,
        "wins": 300,
        "losses": 0,
        "ties": 0,
        "paired_ttest": {
            "statistic": 103.88972775092101,
            "pvalue": 1.1299559354924725e-236
        },
        "bootstrap": {
            "pvalue_two_sided": 0.0,
            "prob_system_ge_baseline": 1.0,
            "prob_system_le_baseline": 0.0
        },
        "significant_95_ci": true
    }
}