{
    "bleu": {
        "n_splits": 300,
        "sample_ratio": 0.4,
        "sample_size": 1412,
        "baseline_mean": 40.65687670544319,
        "system_mean": 47.17991997093408,
        "delta_mean": 6.523043265490892,
        "delta_std": 1.1930788689214256,
        "delta_ci_low": 4.931353676072208,
        "delta_ci_high": 9.407904969788214,
        "delta_median": 6.260133711495257,
        "wins": 300,
        "losses": 0,
        "ties": 0,
        "paired_ttest": {
            "statistic": 94.69820185495475,
            "pvalue": 5.345748996092996e-225
        },
        "bootstrap": {
            "pvalue_two_sided": 0.0,
            "prob_system_ge_baseline": 1.0,
            "prob_system_le_baseline": 0.0
        },
        "significant_95_ci": true
    },
    "comet": {
        "n_splits": 300,
        "sample_ratio": 0.4,
        "sample_size": 1412,
        "baseline_mean": 0.8001106802040642,
        "system_mean": 0.8547238236675575,
        "delta_mean": 0.054613143463493295,
        "delta_std": 0.0037223032001198536,
        "delta_ci_low": 0.048075208970195245,
        "delta_ci_high": 0.062016767736197166,
        "delta_median": 0.054654383667805395,
        "wins": 300,
        "losses": 0,
        "ties": 0,
        "paired_ttest": {
            "statistic": 254.1242186739993,
            "pvalue": 0.0
        },
        "bootstrap": {
            "pvalue_two_sided": 0.0,
            "prob_system_ge_baseline": 1.0,
            "prob_system_le_baseline": 0.0
        },
        "significant_95_ci": true
    },
    "cometkiwi": {
        "n_splits": 300,
        "sample_ratio": 0.4,
        "sample_size": 1412,
        "baseline_mean": 0.7677551938116381,
        "system_mean": 0.7825185281994408,
        "delta_mean": 0.014763334387802536,
        "delta_std": 0.0029460448363304607,
        "delta_ci_low": 0.00878825543907397,
        "delta_ci_high": 0.02024192390462155,
        "delta_median": 0.014888993435388964,
        "wins": 300,
        "losses": 0,
        "ties": 0,
        "paired_ttest": {
            "statistic": 86.79720326542395,
            "pvalue": 4.413248330904963e-214
        },
        "bootstrap": {
            "pvalue_two_sided": 0.0,
            "prob_system_ge_baseline": 1.0,
            "prob_system_le_baseline": 0.0
        },
        "significant_95_ci": true
    }
}