{
    "bleu": {
        "n_splits": 300,
        "sample_ratio": 0.4,
        "sample_size": 1412,
        "baseline_mean": 40.65687670544319,
        "system_mean": 46.989364025847884,
        "delta_mean": 6.332487320404692,
        "delta_std": 1.2432883665644563,
        "delta_ci_low": 4.585074715388236,
        "delta_ci_high": 9.318097442800186,
        "delta_median": 6.113205436365025,
        "wins": 300,
        "losses": 0,
        "ties": 0,
        "paired_ttest": {
            "statistic": 88.21919413220853,
            "pvalue": 4.1081877519655115e-216
        },
        "bootstrap": {
            "pvalue_two_sided": 0.0,
            "prob_system_ge_baseline": 1.0,
            "prob_system_le_baseline": 0.0
        },
        "significant_95_ci": true
    },
    "comet": {
        "n_splits": 300,
        "sample_ratio": 0.4,
        "sample_size": 1412,
        "baseline_mean": 0.8001106802040642,
        "system_mean": 0.854669219609262,
        "delta_mean": 0.05455853940519778,
        "delta_std": 0.003713318158269497,
        "delta_ci_low": 0.04741969671015954,
        "delta_ci_high": 0.06240684894776293,
        "delta_median": 0.05444148786513725,
        "wins": 300,
        "losses": 0,
        "ties": 0,
        "paired_ttest": {
            "statistic": 254.48442123416066,
            "pvalue": 0.0
        },
        "bootstrap": {
            "pvalue_two_sided": 0.0,
            "prob_system_ge_baseline": 1.0,
            "prob_system_le_baseline": 0.0
        },
        "significant_95_ci": true
    },
    "cometkiwi": {
        "n_splits": 300,
        "sample_ratio": 0.4,
        "sample_size": 1412,
        "baseline_mean": 0.7677551938116381,
        "system_mean": 0.7839689068049474,
        "delta_mean": 0.016213712993309225,
        "delta_std": 0.002986035682769514,
        "delta_ci_low": 0.01034405308778245,
        "delta_ci_high": 0.022071018730614785,
        "delta_median": 0.016310619702166906,
        "wins": 300,
        "losses": 0,
        "ties": 0,
        "paired_ttest": {
            "statistic": 94.04768618740886,
            "pvalue": 3.9275552660382547e-224
        },
        "bootstrap": {
            "pvalue_two_sided": 0.0,
            "prob_system_ge_baseline": 1.0,
            "prob_system_le_baseline": 0.0
        },
        "significant_95_ci": true
    }
}