{
    "bleu": {
        "n_splits": 300,
        "sample_ratio": 0.4,
        "sample_size": 1412,
        "baseline_mean": 40.65687670544319,
        "system_mean": 46.969113017349905,
        "delta_mean": 6.312236311906716,
        "delta_std": 1.241720339679043,
        "delta_ci_low": 4.578584259006748,
        "delta_ci_high": 9.315735251301637,
        "delta_median": 6.126042418738223,
        "wins": 300,
        "losses": 0,
        "ties": 0,
        "paired_ttest": {
            "statistic": 88.04811882544811,
            "pvalue": 7.184503004023739e-216
        },
        "bootstrap": {
            "pvalue_two_sided": 0.0,
            "prob_system_ge_baseline": 1.0,
            "prob_system_le_baseline": 0.0
        },
        "significant_95_ci": true
    },
    "comet": {
        "n_splits": 300,
        "sample_ratio": 0.4,
        "sample_size": 1412,
        "baseline_mean": 0.8001106802040642,
        "system_mean": 0.8549105149549735,
        "delta_mean": 0.054799834750909306,
        "delta_std": 0.0036711652367755116,
        "delta_ci_low": 0.0483065242148282,
        "delta_ci_high": 0.06249375165131454,
        "delta_median": 0.05464874135156195,
        "wins": 300,
        "losses": 0,
        "ties": 0,
        "paired_ttest": {
            "statistic": 258.544881293115,
            "pvalue": 0.0
        },
        "bootstrap": {
            "pvalue_two_sided": 0.0,
            "prob_system_ge_baseline": 1.0,
            "prob_system_le_baseline": 0.0
        },
        "significant_95_ci": true
    },
    "cometkiwi": {
        "n_splits": 300,
        "sample_ratio": 0.4,
        "sample_size": 1412,
        "baseline_mean": 0.7677551938116381,
        "system_mean": 0.7854483681608333,
        "delta_mean": 0.01769317434919511,
        "delta_std": 0.0028987911154997425,
        "delta_ci_low": 0.012015142784092464,
        "delta_ci_high": 0.022817062251480922,
        "delta_median": 0.01784684937500075,
        "wins": 300,
        "losses": 0,
        "ties": 0,
        "paired_ttest": {
            "statistic": 105.71812765714633,
            "pvalue": 7.037619846541482e-239
        },
        "bootstrap": {
            "pvalue_two_sided": 0.0,
            "prob_system_ge_baseline": 1.0,
            "prob_system_le_baseline": 0.0
        },
        "significant_95_ci": true
    }
}