{
    "bleu": 45.68846612536053,
    "chrf2": 60.92786849309411,
    "comet": 0.851289992781604,
    "cometkiwi": 0.7903207740179202
}