{
    "bleu": {
        "n_splits": 300,
        "sample_ratio": 0.4,
        "sample_size": 1412,
        "baseline_mean": 45.32631474435365,
        "system_mean": 46.989364025847884,
        "delta_mean": 1.6630492814942301,
        "delta_std": 1.3608304391716597,
        "delta_ci_low": 0.03026398101120052,
        "delta_ci_high": 5.135914091474408,
        "delta_median": 1.3242568329657622,
        "wins": 294,
        "losses": 6,
        "ties": 0,
        "paired_ttest": {
            "statistic": 21.16711801943731,
            "pvalue": 2.0947567628030638e-61
        },
        "bootstrap": {
            "pvalue_two_sided": 0.04,
            "prob_system_ge_baseline": 0.98,
            "prob_system_le_baseline": 0.02
        },
        "significant_95_ci": true
    },
    "comet": {
        "n_splits": 300,
        "sample_ratio": 0.4,
        "sample_size": 1412,
        "baseline_mean": 0.8516814978626875,
        "system_mean": 0.854669219609262,
        "delta_mean": 0.0029877217465746025,
        "delta_std": 0.00129833682693753,
        "delta_ci_low": 0.0004586752931516086,
        "delta_ci_high": 0.005745043746979312,
        "delta_median": 0.003021868626473634,
        "wins": 298,
        "losses": 2,
        "ties": 0,
        "paired_ttest": {
            "statistic": 39.85780697719228,
            "pvalue": 1.1579215113709917e-121
        },
        "bootstrap": {
            "pvalue_two_sided": 0.013333333333333334,
            "prob_system_ge_baseline": 0.9933333333333333,
            "prob_system_le_baseline": 0.006666666666666667
        },
        "significant_95_ci": true
    },
    "cometkiwi": {
        "n_splits": 300,
        "sample_ratio": 0.4,
        "sample_size": 1412,
        "baseline_mean": 0.7904493345489779,
        "system_mean": 0.7839689068049474,
        "delta_mean": -0.006480427744030612,
        "delta_std": 0.0017742274034175868,
        "delta_ci_low": -0.00993841612822359,
        "delta_ci_high": -0.0034025386740947354,
        "delta_median": -0.006434618118126678,
        "wins": 0,
        "losses": 300,
        "ties": 0,
        "paired_ttest": {
            "statistic": -63.263762502027866,
            "pvalue": 3.706005271735871e-175
        },
        "bootstrap": {
            "pvalue_two_sided": 0.0,
            "prob_system_ge_baseline": 0.0,
            "prob_system_le_baseline": 1.0
        },
        "significant_95_ci": true
    }
}