{
    "bleu": 47.15094233013792,
    "chrf2": 61.92219217098592,
    "comet": 0.8546086153210729,
    "cometkiwi": 0.785229260793151
}