{
    "bleu": 46.88526834141116,
    "chrf2": 61.858687815339785,
    "comet": 0.8546721137448006,
    "cometkiwi": 0.7850394362852864
}