{
    "bleu": 23.388078546226833,
    "chrf2": 46.19421613844696,
    "comet": 0.7698564051494472,
    "cometkiwi": 0.7862435498575007
}