{
    "bleu": 21.41334022846925,
    "chrf2": 44.44624309378364,
    "comet": 0.7506562285392966,
    "cometkiwi": 0.7775719994797503
}