{
    "bleu": 22.369663862684117,
    "chrf2": 45.34969881153932,
    "comet": 0.7598863300069911,
    "cometkiwi": 0.7816101543115213
}