{
    "bleu": {
        "n_splits": 300,
        "sample_ratio": 0.4,
        "sample_size": 724,
        "baseline_mean": 21.643277172493956,
        "system_mean": 22.368761253273295,
        "delta_mean": 0.7254840807793421,
        "delta_std": 0.5297895674923239,
        "delta_ci_low": -0.34842221017254127,
        "delta_ci_high": 1.6727663829637922,
        "delta_median": 0.7399123416377389,
        "wins": 275,
        "losses": 25,
        "ties": 0,
        "paired_ttest": {
            "statistic": 23.718384904029477,
            "pvalue": 1.1042257377501892e-70
        },
        "bootstrap": {
            "pvalue_two_sided": 0.16666666666666666,
            "prob_system_ge_baseline": 0.9166666666666666,
            "prob_system_le_baseline": 0.08333333333333333
        },
        "significant_95_ci": false
    },
    "comet": {
        "n_splits": 300,
        "sample_ratio": 0.4,
        "sample_size": 724,
        "baseline_mean": 0.7379657953310051,
        "system_mean": 0.759804609529331,
        "delta_mean": 0.021838814198325902,
        "delta_std": 0.0040579062384300145,
        "delta_ci_low": 0.014394688713287135,
        "delta_ci_high": 0.03023530376961875,
        "delta_median": 0.02193758068657714,
        "wins": 300,
        "losses": 0,
        "ties": 0,
        "paired_ttest": {
            "statistic": 93.21540111087369,
            "pvalue": 5.133942661468354e-223
        },
        "bootstrap": {
            "pvalue_two_sided": 0.0,
            "prob_system_ge_baseline": 1.0,
            "prob_system_le_baseline": 0.0
        },
        "significant_95_ci": true
    },
    "cometkiwi": {
        "n_splits": 300,
        "sample_ratio": 0.4,
        "sample_size": 724,
        "baseline_mean": 0.7622296166304725,
        "system_mean": 0.7817590854514533,
        "delta_mean": 0.019529468820980903,
        "delta_std": 0.003552562112139623,
        "delta_ci_low": 0.012561336947985821,
        "delta_ci_high": 0.026123100170320247,
        "delta_median": 0.019441336208120885,
        "wins": 300,
        "losses": 0,
        "ties": 0,
        "paired_ttest": {
            "statistic": 95.21587849845804,
            "pvalue": 1.1033890764512034e-225
        },
        "bootstrap": {
            "pvalue_two_sided": 0.0,
            "prob_system_ge_baseline": 1.0,
            "prob_system_le_baseline": 0.0
        },
        "significant_95_ci": true
    }
}