{
    "bleu": {
        "n_splits": 300,
        "sample_ratio": 0.4,
        "sample_size": 724,
        "baseline_mean": 23.708197494570594,
        "system_mean": 21.422007532376302,
        "delta_mean": -2.2861899621942907,
        "delta_std": 0.3751518286049523,
        "delta_ci_low": -3.0815043451250794,
        "delta_ci_high": -1.5625613069260882,
        "delta_median": -2.282268071632638,
        "wins": 0,
        "losses": 300,
        "ties": 0,
        "paired_ttest": {
            "statistic": -105.5518557646239,
            "pvalue": 1.113020033460727e-238
        },
        "bootstrap": {
            "pvalue_two_sided": 0.0,
            "prob_system_ge_baseline": 0.0,
            "prob_system_le_baseline": 1.0
        },
        "significant_95_ci": true
    },
    "comet": {
        "n_splits": 300,
        "sample_ratio": 0.4,
        "sample_size": 724,
        "baseline_mean": 0.7692000538950466,
        "system_mean": 0.7505245735960057,
        "delta_mean": -0.01867548029904098,
        "delta_std": 0.0028782919435229727,
        "delta_ci_low": -0.0240502556533815,
        "delta_ci_high": -0.012943875195859874,
        "delta_median": -0.018729167100227317,
        "wins": 0,
        "losses": 300,
        "ties": 0,
        "paired_ttest": {
            "statistic": -112.38220920042822,
            "pvalue": 1.2702037409832932e-246
        },
        "bootstrap": {
            "pvalue_two_sided": 0.0,
            "prob_system_ge_baseline": 0.0,
            "prob_system_le_baseline": 1.0
        },
        "significant_95_ci": true
    },
    "cometkiwi": {
        "n_splits": 300,
        "sample_ratio": 0.4,
        "sample_size": 724,
        "baseline_mean": 0.7861723825785557,
        "system_mean": 0.7777589317490767,
        "delta_mean": -0.008413450829478919,
        "delta_std": 0.002508771677095268,
        "delta_ci_low": -0.01337182845570437,
        "delta_ci_high": -0.0039749802579043,
        "delta_median": -0.008450842323553531,
        "wins": 0,
        "losses": 300,
        "ties": 0,
        "paired_ttest": {
            "statistic": -58.08629153734912,
            "pvalue": 6.667455042924894e-165
        },
        "bootstrap": {
            "pvalue_two_sided": 0.0,
            "prob_system_ge_baseline": 0.0,
            "prob_system_le_baseline": 1.0
        },
        "significant_95_ci": true
    }
}