{
    "bleu": 23.691025553012047,
    "chrf2": 46.23993353639344,
    "comet": 0.7693918841675278,
    "cometkiwi": 0.7862264320229614
}