{
    "bleu": 22.56808221786391,
    "chrf2": 45.51594055259873,
    "comet": 0.761457200238822,
    "cometkiwi": 0.7822601300468097
}