{
    "bleu": {
        "n_splits": 300,
        "sample_ratio": 0.4,
        "sample_size": 724,
        "baseline_mean": 21.643277172493956,
        "system_mean": 23.376319891796122,
        "delta_mean": 1.7330427193021687,
        "delta_std": 0.5500807158697927,
        "delta_ci_low": 0.6012651325427865,
        "delta_ci_high": 2.767619523107932,
        "delta_median": 1.7470307025276863,
        "wins": 299,
        "losses": 1,
        "ties": 0,
        "paired_ttest": {
            "statistic": 54.56868337535412,
            "pvalue": 1.732273807063749e-157
        },
        "bootstrap": {
            "pvalue_two_sided": 0.006666666666666667,
            "prob_system_ge_baseline": 0.9966666666666667,
            "prob_system_le_baseline": 0.0033333333333333335
        },
        "significant_95_ci": true
    },
    "comet": {
        "n_splits": 300,
        "sample_ratio": 0.4,
        "sample_size": 724,
        "baseline_mean": 0.7379657953310051,
        "system_mean": 0.7698188297580894,
        "delta_mean": 0.031853034427084204,
        "delta_std": 0.004150693894187853,
        "delta_ci_low": 0.02350352416792631,
        "delta_ci_high": 0.040290163490324375,
        "delta_median": 0.03202208325019862,
        "wins": 300,
        "losses": 0,
        "ties": 0,
        "paired_ttest": {
            "statistic": 132.92012229619144,
            "pvalue": 5.457296635099143e-268
        },
        "bootstrap": {
            "pvalue_two_sided": 0.0,
            "prob_system_ge_baseline": 1.0,
            "prob_system_le_baseline": 0.0
        },
        "significant_95_ci": true
    },
    "cometkiwi": {
        "n_splits": 300,
        "sample_ratio": 0.4,
        "sample_size": 724,
        "baseline_mean": 0.7622296166304725,
        "system_mean": 0.7863743453006335,
        "delta_mean": 0.024144728670160855,
        "delta_std": 0.0034872044698701496,
        "delta_ci_low": 0.01727291303506708,
        "delta_ci_high": 0.030654081060082897,
        "delta_median": 0.024208401695140824,
        "wins": 300,
        "losses": 0,
        "ties": 0,
        "paired_ttest": {
            "statistic": 119.92384488208904,
            "pvalue": 7.116307376248965e-255
        },
        "bootstrap": {
            "pvalue_two_sided": 0.0,
            "prob_system_ge_baseline": 1.0,
            "prob_system_le_baseline": 0.0
        },
        "significant_95_ci": true
    }
}