{
    "default": {
        "default": 100.00000000000004,
        "rocsmt": 81.32983225143147,
        "footweets": 79.86723036075139,
        "mmtc": 79.8149389854171,
        "pfsmb": 79.26563992931219
    },
    "rocsmt": {
        "default": 81.40248905230267,
        "rocsmt": 100.00000000000004,
        "footweets": 94.96135911903944,
        "mmtc": 93.30096387058524,
        "pfsmb": 91.93979027616048
    },
    "footweets": {
        "default": 80.00037397530926,
        "rocsmt": 95.04394770520666,
        "footweets": 100.00000000000004,
        "mmtc": 95.00553719907197,
        "pfsmb": 93.45104440540672
    },
    "mmtc": {
        "default": 79.93768414477057,
        "rocsmt": 93.36868818777691,
        "footweets": 94.99084199590206,
        "mmtc": 100.00000000000004,
        "pfsmb": 93.91536592080047
    },
    "pfsmb": {
        "default": 79.44797675929453,
        "rocsmt": 92.08704550525538,
        "footweets": 93.52750486056273,
        "mmtc": 94.00551159143528,
        "pfsmb": 100.00000000000004
    }
}