{
    "default": {
        "default": 100.0,
        "rocsmt": 86.10644494142036,
        "footweets": 85.79264505081443,
        "mmtc": 85.67018543928904,
        "pfsmb": 85.94617742413575
    },
    "rocsmt": {
        "default": 86.67947483921058,
        "rocsmt": 100.0,
        "footweets": 96.99191710757738,
        "mmtc": 95.65626476967543,
        "pfsmb": 95.33044742001525
    },
    "footweets": {
        "default": 86.4815271988332,
        "rocsmt": 97.12810228273145,
        "footweets": 100.0,
        "mmtc": 96.31834944563494,
        "pfsmb": 95.75166703747668
    },
    "mmtc": {
        "default": 86.40974181196435,
        "rocsmt": 95.90991348212184,
        "footweets": 96.37675137542519,
        "mmtc": 100.0,
        "pfsmb": 96.19919374507465
    },
    "pfsmb": {
        "default": 86.07799511316054,
        "rocsmt": 94.84524988165907,
        "footweets": 95.13223814257461,
        "mmtc": 95.45617864986178,
        "pfsmb": 100.0
    }
}