{
    "bleu": 20.91522400955844,
    "chrf2": 43.908093613684315,
    "comet": 0.7427040394104855,
    "cometkiwi": 0.7684209762329117
}