{
    "bleu": {
        "n_splits": 300,
        "sample_ratio": 0.4,
        "sample_size": 769,
        "baseline_mean": 21.36507127012726,
        "system_mean": 20.6094759349377,
        "delta_mean": -0.7555953351895588,
        "delta_std": 0.5441889916011672,
        "delta_ci_low": -1.8716208260570604,
        "delta_ci_high": 0.35255116743598164,
        "delta_median": -0.7432220047875493,
        "wins": 27,
        "losses": 273,
        "ties": 0,
        "paired_ttest": {
            "statistic": -24.049172818797334,
            "pvalue": 7.261799234658007e-72
        },
        "bootstrap": {
            "pvalue_two_sided": 0.18,
            "prob_system_ge_baseline": 0.09,
            "prob_system_le_baseline": 0.91
        },
        "significant_95_ci": false
    },
    "comet": {
        "n_splits": 300,
        "sample_ratio": 0.4,
        "sample_size": 769,
        "baseline_mean": 0.7321331574071859,
        "system_mean": 0.743452904964997,
        "delta_mean": 0.011319747557811117,
        "delta_std": 0.004555244408472939,
        "delta_ci_low": 0.0022840651849428103,
        "delta_ci_high": 0.019731647206375855,
        "delta_median": 0.011431056681550478,
        "wins": 299,
        "losses": 1,
        "ties": 0,
        "paired_ttest": {
            "statistic": 43.04133025774406,
            "pvalue": 3.6502024337520056e-130
        },
        "bootstrap": {
            "pvalue_two_sided": 0.006666666666666667,
            "prob_system_ge_baseline": 0.9966666666666667,
            "prob_system_le_baseline": 0.0033333333333333335
        },
        "significant_95_ci": true
    },
    "cometkiwi": {
        "n_splits": 300,
        "sample_ratio": 0.4,
        "sample_size": 769,
        "baseline_mean": 0.7554536526881104,
        "system_mean": 0.7684310648606152,
        "delta_mean": 0.012977412172504765,
        "delta_std": 0.0038922661786111997,
        "delta_ci_low": 0.005968046873342875,
        "delta_ci_high": 0.021002701638927746,
        "delta_median": 0.01282473265039602,
        "wins": 300,
        "losses": 0,
        "ties": 0,
        "paired_ttest": {
            "statistic": 57.74922937454722,
            "pvalue": 3.2963022008418668e-164
        },
        "bootstrap": {
            "pvalue_two_sided": 0.0,
            "prob_system_ge_baseline": 1.0,
            "prob_system_le_baseline": 0.0
        },
        "significant_95_ci": true
    }
}