{
    "bleu": {
        "n_splits": 300,
        "sample_ratio": 0.4,
        "sample_size": 769,
        "baseline_mean": 21.36507127012726,
        "system_mean": 20.51652512609718,
        "delta_mean": -0.8485461440300819,
        "delta_std": 0.5444926125875431,
        "delta_ci_low": -1.9647757512339705,
        "delta_ci_high": 0.13486756629195085,
        "delta_median": -0.8661433249974824,
        "wins": 19,
        "losses": 281,
        "ties": 0,
        "paired_ttest": {
            "statistic": -26.992561515983084,
            "pvalue": 3.8287916051388145e-82
        },
        "bootstrap": {
            "pvalue_two_sided": 0.12666666666666668,
            "prob_system_ge_baseline": 0.06333333333333334,
            "prob_system_le_baseline": 0.9366666666666666
        },
        "significant_95_ci": false
    },
    "comet": {
        "n_splits": 300,
        "sample_ratio": 0.4,
        "sample_size": 769,
        "baseline_mean": 0.7321331574071859,
        "system_mean": 0.7417462855591034,
        "delta_mean": 0.00961312815191739,
        "delta_std": 0.0046001372925656685,
        "delta_ci_low": 0.00043443557800259045,
        "delta_ci_high": 0.018788094318657186,
        "delta_median": 0.009460849699567953,
        "wins": 292,
        "losses": 8,
        "ties": 0,
        "paired_ttest": {
            "statistic": 36.19549878587441,
            "pvalue": 2.7299848681955605e-111
        },
        "bootstrap": {
            "pvalue_two_sided": 0.05333333333333334,
            "prob_system_ge_baseline": 0.9733333333333334,
            "prob_system_le_baseline": 0.02666666666666667
        },
        "significant_95_ci": true
    },
    "cometkiwi": {
        "n_splits": 300,
        "sample_ratio": 0.4,
        "sample_size": 769,
        "baseline_mean": 0.7554536526881104,
        "system_mean": 0.7674907187030436,
        "delta_mean": 0.012037066014933288,
        "delta_std": 0.0038460135495488913,
        "delta_ci_low": 0.0045508007069635535,
        "delta_ci_high": 0.02022091719783327,
        "delta_median": 0.012248689839216786,
        "wins": 300,
        "losses": 0,
        "ties": 0,
        "paired_ttest": {
            "statistic": 54.20888315479413,
            "pvalue": 1.0448432008866838e-156
        },
        "bootstrap": {
            "pvalue_two_sided": 0.0,
            "prob_system_ge_baseline": 1.0,
            "prob_system_le_baseline": 0.0
        },
        "significant_95_ci": true
    }
}