{
    "bleu": 20.2262905476972,
    "chrf2": 43.20570701948802,
    "comet": 0.7375475117446356,
    "cometkiwi": 0.7651431541289052
}