{
    "bleu": 20.51557064991388,
    "chrf2": 43.567314098022,
    "comet": 0.7415546895500028,
    "cometkiwi": 0.7674700023139305
}