{
    "bleu": 20.592776014896337,
    "chrf2": 43.65567395127234,
    "comet": 0.7432934523218008,
    "cometkiwi": 0.7684686135706122
}