{
    "bleu": 20.992299438316664,
    "chrf2": 44.03157933788456,
    "comet": 0.7452563527548971,
    "cometkiwi": 0.7681031903943956
}