{
    "comet": {
        "n_splits": 300,
        "sample_ratio": 0.4,
        "sample_size": 1600,
        "baseline_mean": 0.8320249255937835,
        "system_mean": 0.8489374918696782,
        "delta_mean": 0.016912566275894644,
        "delta_std": 0.002001053005087496,
        "delta_ci_low": 0.013161261369008572,
        "delta_ci_high": 0.02085344051755961,
        "delta_median": 0.01701728578656908,
        "wins": 300,
        "losses": 0,
        "ties": 0,
        "paired_ttest": {
            "statistic": 146.39004564971344,
            "pvalue": 2.466014804123987e-280
        },
        "bootstrap": {
            "pvalue_two_sided": 0.0,
            "prob_system_ge_baseline": 1.0,
            "prob_system_le_baseline": 0.0
        },
        "significant_95_ci": true
    },
    "cometkiwi": {
        "n_splits": 300,
        "sample_ratio": 0.4,
        "sample_size": 1600,
        "baseline_mean": 0.793928699648132,
        "system_mean": 0.7994886921131985,
        "delta_mean": 0.005559992465066414,
        "delta_std": 0.0014905748998619531,
        "delta_ci_low": 0.0024312456119805286,
        "delta_ci_high": 0.008125790574587906,
        "delta_median": 0.005506549095734892,
        "wins": 300,
        "losses": 0,
        "ties": 0,
        "paired_ttest": {
            "statistic": 64.60721591439007,
            "pvalue": 1.0607862601081128e-177
        },
        "bootstrap": {
            "pvalue_two_sided": 0.0,
            "prob_system_ge_baseline": 1.0,
            "prob_system_le_baseline": 0.0
        },
        "significant_95_ci": true
    },
    "bleu": {
        "n_splits": 300,
        "sample_ratio": 0.4,
        "sample_size": 1600,
        "baseline_mean": 43.379640747052456,
        "system_mean": 45.60449142181095,
        "delta_mean": 2.2248506747584953,
        "delta_std": 0.3208272585641213,
        "delta_ci_low": 1.6164035898425795,
        "delta_ci_high": 2.8208262001108824,
        "delta_median": 2.2131741873567137,
        "wins": 300,
        "losses": 0,
        "ties": 0,
        "paired_ttest": {
            "statistic": 120.1130610030579,
            "pvalue": 4.484163390196189e-255
        },
        "bootstrap": {
            "pvalue_two_sided": 0.0,
            "prob_system_ge_baseline": 1.0,
            "prob_system_le_baseline": 0.0
        },
        "significant_95_ci": true
    }
}