{
    "bleu": 46.9507885017882,
    "chrf2": 58.98623764834044,
    "comet": 0.8527151354774832,
    "cometkiwi": 0.7989401373639703
}