{
    "bleu": 45.658789328568396,
    "chrf2": 58.78451999959583,
    "comet": 0.849203752361238,
    "cometkiwi": 0.799654624953866
}