{
    "bleu": 49.293644009771356,
    "chrf2": 62.80392896021257,
    "comet": 0.8619652248248458,
    "cometkiwi": 0.7881344364807009
}