{
    "bleu": {
        "n_splits": 300,
        "sample_ratio": 0.4,
        "sample_size": 1600,
        "baseline_mean": 40.724983673538674,
        "system_mean": 47.510936004024124,
        "delta_mean": 6.7859523304854426,
        "delta_std": 0.9632922361856359,
        "delta_ci_low": 5.502186720211305,
        "delta_ci_high": 9.314546943802373,
        "delta_median": 6.670037083963429,
        "wins": 300,
        "losses": 0,
        "ties": 0,
        "paired_ttest": {
            "statistic": 122.015041465321,
            "pvalue": 4.489720906469385e-257
        },
        "bootstrap": {
            "pvalue_two_sided": 0.0,
            "prob_system_ge_baseline": 1.0,
            "prob_system_le_baseline": 0.0
        },
        "significant_95_ci": true
    },
    "comet": {
        "n_splits": 300,
        "sample_ratio": 0.4,
        "sample_size": 1600,
        "baseline_mean": 0.7987046187861823,
        "system_mean": 0.8558219898032026,
        "delta_mean": 0.05711737101702019,
        "delta_std": 0.004001279796889676,
        "delta_ci_low": 0.05011228514905093,
        "delta_ci_high": 0.06501287580840291,
        "delta_median": 0.05696277486626061,
        "wins": 300,
        "losses": 0,
        "ties": 0,
        "paired_ttest": {
            "statistic": 247.24636520830822,
            "pvalue": 0.0
        },
        "bootstrap": {
            "pvalue_two_sided": 0.0,
            "prob_system_ge_baseline": 1.0,
            "prob_system_le_baseline": 0.0
        },
        "significant_95_ci": true
    },
    "cometkiwi": {
        "n_splits": 300,
        "sample_ratio": 0.4,
        "sample_size": 1600,
        "baseline_mean": 0.7649179267470415,
        "system_mean": 0.7966650125301132,
        "delta_mean": 0.03174708578307181,
        "delta_std": 0.002699973618322982,
        "delta_ci_low": 0.026505368613172313,
        "delta_ci_high": 0.036977736054919684,
        "delta_median": 0.03182576423510908,
        "wins": 300,
        "losses": 0,
        "ties": 0,
        "paired_ttest": {
            "statistic": 203.65964021041822,
            "pvalue": 0.0
        },
        "bootstrap": {
            "pvalue_two_sided": 0.0,
            "prob_system_ge_baseline": 1.0,
            "prob_system_le_baseline": 0.0
        },
        "significant_95_ci": true
    }
}