{
    "bleu": {
        "n_splits": 300,
        "sample_ratio": 0.4,
        "sample_size": 1600,
        "baseline_mean": 40.724983673538674,
        "system_mean": 46.927205255919965,
        "delta_mean": 6.20222158238129,
        "delta_std": 0.9627797341889369,
        "delta_ci_low": 4.827714825553057,
        "delta_ci_high": 8.458455208432838,
        "delta_median": 6.1131249144354065,
        "wins": 300,
        "losses": 0,
        "ties": 0,
        "paired_ttest": {
            "statistic": 111.57861470291917,
            "pvalue": 1.033013881067428e-245
        },
        "bootstrap": {
            "pvalue_two_sided": 0.0,
            "prob_system_ge_baseline": 1.0,
            "prob_system_le_baseline": 0.0
        },
        "significant_95_ci": true
    },
    "comet": {
        "n_splits": 300,
        "sample_ratio": 0.4,
        "sample_size": 1600,
        "baseline_mean": 0.7987046187861823,
        "system_mean": 0.8526417297159633,
        "delta_mean": 0.05393711092978094,
        "delta_std": 0.003950413332287875,
        "delta_ci_low": 0.046991192193701875,
        "delta_ci_high": 0.061931753126438685,
        "delta_median": 0.05384470800869168,
        "wins": 300,
        "losses": 0,
        "ties": 0,
        "paired_ttest": {
            "statistic": 236.48618178836014,
            "pvalue": 0.0
        },
        "bootstrap": {
            "pvalue_two_sided": 0.0,
            "prob_system_ge_baseline": 1.0,
            "prob_system_le_baseline": 0.0
        },
        "significant_95_ci": true
    },
    "cometkiwi": {
        "n_splits": 300,
        "sample_ratio": 0.4,
        "sample_size": 1600,
        "baseline_mean": 0.7649179267470415,
        "system_mean": 0.7988003477986281,
        "delta_mean": 0.03388242105158666,
        "delta_std": 0.0027282872392020733,
        "delta_ci_low": 0.028913890731520932,
        "delta_ci_high": 0.039386474835220654,
        "delta_median": 0.03369960483163592,
        "wins": 300,
        "losses": 0,
        "ties": 0,
        "paired_ttest": {
            "statistic": 215.1022586681635,
            "pvalue": 0.0
        },
        "bootstrap": {
            "pvalue_two_sided": 0.0,
            "prob_system_ge_baseline": 1.0,
            "prob_system_le_baseline": 0.0
        },
        "significant_95_ci": true
    }
}