{
    "comet": {
        "n_splits": 300,
        "sample_ratio": 0.4,
        "sample_size": 1600,
        "baseline_mean": 0.8320249255937835,
        "system_mean": 0.8617558619198079,
        "delta_mean": 0.029730936326024433,
        "delta_std": 0.002276415862457401,
        "delta_ci_low": 0.025303448762744617,
        "delta_ci_high": 0.034185043453238965,
        "delta_median": 0.02967712298035624,
        "wins": 300,
        "losses": 0,
        "ties": 0,
        "paired_ttest": {
            "statistic": 226.21302690133194,
            "pvalue": 0.0
        },
        "bootstrap": {
            "pvalue_two_sided": 0.0,
            "prob_system_ge_baseline": 1.0,
            "prob_system_le_baseline": 0.0
        },
        "significant_95_ci": true
    },
    "cometkiwi": {
        "n_splits": 300,
        "sample_ratio": 0.4,
        "sample_size": 1600,
        "baseline_mean": 0.793928699648132,
        "system_mean": 0.7879974977123861,
        "delta_mean": -0.005931201935745772,
        "delta_std": 0.0018105193284163818,
        "delta_ci_low": -0.009553557990118889,
        "delta_ci_high": -0.0026028744829818978,
        "delta_median": -0.005951531585305925,
        "wins": 0,
        "losses": 300,
        "ties": 0,
        "paired_ttest": {
            "statistic": -56.74141635178359,
            "pvalue": 4.108182307176602e-162
        },
        "bootstrap": {
            "pvalue_two_sided": 0.0,
            "prob_system_ge_baseline": 0.0,
            "prob_system_le_baseline": 1.0
        },
        "significant_95_ci": true
    },
    "bleu": {
        "n_splits": 300,
        "sample_ratio": 0.4,
        "sample_size": 1600,
        "baseline_mean": 43.379640747052456,
        "system_mean": 49.26256911700659,
        "delta_mean": 5.882928369954131,
        "delta_std": 0.36189778411375007,
        "delta_ci_low": 5.21917252715151,
        "delta_ci_high": 6.591271528415195,
        "delta_median": 5.874483833527979,
        "wins": 300,
        "losses": 0,
        "ties": 0,
        "paired_ttest": {
            "statistic": 281.5582543286915,
            "pvalue": 0.0
        },
        "bootstrap": {
            "pvalue_two_sided": 0.0,
            "prob_system_ge_baseline": 1.0,
            "prob_system_le_baseline": 0.0
        },
        "significant_95_ci": true
    }
}