{
    "bleu": 43.39511444342299,
    "chrf2": 56.49614102168235,
    "comet": 0.8321802773922682,
    "cometkiwi": 0.7941345047801733
}