{
    "bleu": 47.541875657580675,
    "chrf2": 60.48033778271626,
    "comet": 0.8560270406901836,
    "cometkiwi": 0.7968122830912471
}