{
    "bleu": {
        "n_splits": 300,
        "sample_ratio": 0.4,
        "sample_size": 1412,
        "baseline_mean": 40.65687670544319,
        "system_mean": 47.32252708595143,
        "delta_mean": 6.665650380508243,
        "delta_std": 1.1586283228898575,
        "delta_ci_low": 5.158955758460971,
        "delta_ci_high": 9.53979891455131,
        "delta_median": 6.443242699724848,
        "wins": 300,
        "losses": 0,
        "ties": 0,
        "paired_ttest": {
            "statistic": 99.64580440891415,
            "pvalue": 2.0770780298021578e-231
        },
        "bootstrap": {
            "pvalue_two_sided": 0.0,
            "prob_system_ge_baseline": 1.0,
            "prob_system_le_baseline": 0.0
        },
        "significant_95_ci": true
    },
    "comet": {
        "n_splits": 300,
        "sample_ratio": 0.4,
        "sample_size": 1412,
        "baseline_mean": 0.8001106802040642,
        "system_mean": 0.8526395565033578,
        "delta_mean": 0.052528876299293564,
        "delta_std": 0.0036934657171050138,
        "delta_ci_low": 0.04578008864644817,
        "delta_ci_high": 0.05975018997304671,
        "delta_median": 0.052472177534113484,
        "wins": 300,
        "losses": 0,
        "ties": 0,
        "paired_ttest": {
            "statistic": 246.33417387231222,
            "pvalue": 0.0
        },
        "bootstrap": {
            "pvalue_two_sided": 0.0,
            "prob_system_ge_baseline": 1.0,
            "prob_system_le_baseline": 0.0
        },
        "significant_95_ci": true
    },
    "cometkiwi": {
        "n_splits": 300,
        "sample_ratio": 0.4,
        "sample_size": 1412,
        "baseline_mean": 0.7677551938116381,
        "system_mean": 0.7986136710426373,
        "delta_mean": 0.030858477230999017,
        "delta_std": 0.0027715920081789153,
        "delta_ci_low": 0.025375881600628966,
        "delta_ci_high": 0.0363545851206814,
        "delta_median": 0.03083622833402566,
        "wins": 300,
        "losses": 0,
        "ties": 0,
        "paired_ttest": {
            "statistic": 192.84386103933153,
            "pvalue": 9.590506e-316
        },
        "bootstrap": {
            "pvalue_two_sided": 0.0,
            "prob_system_ge_baseline": 1.0,
            "prob_system_le_baseline": 0.0
        },
        "significant_95_ci": true
    }
}