{
    "bleu": 47.295004191266194,
    "chrf2": 60.538523322158255,
    "comet": 0.8522710760237475,
    "cometkiwi": 0.7985598454563205
}