{
    "bleu": 49.047949382363925,
    "chrf2": 62.770685619907354,
    "comet": 0.8574893402057059,
    "cometkiwi": 0.7901665652862014
}