{
    "bleu": {
        "n_splits": 300,
        "sample_ratio": 0.4,
        "sample_size": 1412,
        "baseline_mean": 40.65687670544319,
        "system_mean": 45.44616318775684,
        "delta_mean": 4.789286482313645,
        "delta_std": 1.162458293092454,
        "delta_ci_low": 3.189850732599642,
        "delta_ci_high": 7.717176740433385,
        "delta_median": 4.601609145203689,
        "wins": 300,
        "losses": 0,
        "ties": 0,
        "paired_ttest": {
            "statistic": 71.35987216627225,
            "pvalue": 7.971459453885099e-190
        },
        "bootstrap": {
            "pvalue_two_sided": 0.0,
            "prob_system_ge_baseline": 1.0,
            "prob_system_le_baseline": 0.0
        },
        "significant_95_ci": true
    },
    "comet": {
        "n_splits": 300,
        "sample_ratio": 0.4,
        "sample_size": 1412,
        "baseline_mean": 0.8001106802040642,
        "system_mean": 0.8458257492598606,
        "delta_mean": 0.04571506905579646,
        "delta_std": 0.0036336685643626123,
        "delta_ci_low": 0.03901974204294493,
        "delta_ci_high": 0.05269935554626887,
        "delta_median": 0.04577526767809398,
        "wins": 300,
        "losses": 0,
        "ties": 0,
        "paired_ttest": {
            "statistic": 217.90876320622405,
            "pvalue": 0.0
        },
        "bootstrap": {
            "pvalue_two_sided": 0.0,
            "prob_system_ge_baseline": 1.0,
            "prob_system_le_baseline": 0.0
        },
        "significant_95_ci": true
    },
    "cometkiwi": {
        "n_splits": 300,
        "sample_ratio": 0.4,
        "sample_size": 1412,
        "baseline_mean": 0.7677551938116381,
        "system_mean": 0.8014633301423197,
        "delta_mean": 0.03370813633068144,
        "delta_std": 0.002673608955410837,
        "delta_ci_low": 0.028524507199633016,
        "delta_ci_high": 0.0391025531504082,
        "delta_median": 0.03365772209069545,
        "wins": 300,
        "losses": 0,
        "ties": 0,
        "paired_ttest": {
            "statistic": 218.37226657638521,
            "pvalue": 0.0
        },
        "bootstrap": {
            "pvalue_two_sided": 0.0,
            "prob_system_ge_baseline": 1.0,
            "prob_system_le_baseline": 0.0
        },
        "significant_95_ci": true
    }
}