{
    "bleu": 45.42830117619027,
    "chrf2": 58.88638585009509,
    "comet": 0.8454402427582159,
    "cometkiwi": 0.8013292724704607
}