{
    "bleu": {
        "n_splits": 300,
        "sample_ratio": 0.4,
        "sample_size": 1412,
        "baseline_mean": 43.05261735613249,
        "system_mean": 45.44616318775684,
        "delta_mean": 2.393545831624345,
        "delta_std": 0.34350086043517586,
        "delta_ci_low": 1.7068048806247158,
        "delta_ci_high": 2.9991906414187484,
        "delta_median": 2.391594751323492,
        "wins": 300,
        "losses": 0,
        "ties": 0,
        "paired_ttest": {
            "statistic": 120.69090555889407,
            "pvalue": 1.0990689152331927e-255
        },
        "bootstrap": {
            "pvalue_two_sided": 0.0,
            "prob_system_ge_baseline": 1.0,
            "prob_system_le_baseline": 0.0
        },
        "significant_95_ci": true
    },
    "comet": {
        "n_splits": 300,
        "sample_ratio": 0.4,
        "sample_size": 1412,
        "baseline_mean": 0.8273675948503139,
        "system_mean": 0.8458257492598606,
        "delta_mean": 0.01845815440954692,
        "delta_std": 0.0022297250776760974,
        "delta_ci_low": 0.014293001529367555,
        "delta_ci_high": 0.02290114314102761,
        "delta_median": 0.018444752072646287,
        "wins": 300,
        "losses": 0,
        "ties": 0,
        "paired_ttest": {
            "statistic": 143.38297385347428,
            "pvalue": 1.1205729119786148e-277
        },
        "bootstrap": {
            "pvalue_two_sided": 0.0,
            "prob_system_ge_baseline": 1.0,
            "prob_system_le_baseline": 0.0
        },
        "significant_95_ci": true
    },
    "cometkiwi": {
        "n_splits": 300,
        "sample_ratio": 0.4,
        "sample_size": 1412,
        "baseline_mean": 0.7950529235462825,
        "system_mean": 0.8014633301423197,
        "delta_mean": 0.006410406596036994,
        "delta_std": 0.0017449175834505033,
        "delta_ci_low": 0.0033030765880395522,
        "delta_ci_high": 0.009785276766412662,
        "delta_median": 0.006481325332993448,
        "wins": 300,
        "losses": 0,
        "ties": 0,
        "paired_ttest": {
            "statistic": 63.63137162933912,
            "pvalue": 7.385636549278344e-176
        },
        "bootstrap": {
            "pvalue_two_sided": 0.0,
            "prob_system_ge_baseline": 1.0,
            "prob_system_le_baseline": 0.0
        },
        "significant_95_ci": true
    }
}