{
    "bleu": {
        "n_splits": 300,
        "sample_ratio": 0.4,
        "sample_size": 1412,
        "baseline_mean": 40.65687670544319,
        "system_mean": 49.048207688254806,
        "delta_mean": 8.391330982811613,
        "delta_std": 1.1814762309605427,
        "delta_ci_low": 6.777023661928681,
        "delta_ci_high": 11.403234686366273,
        "delta_median": 8.169520166633689,
        "wins": 300,
        "losses": 0,
        "ties": 0,
        "paired_ttest": {
            "statistic": 123.01738473012065,
            "pvalue": 4.078662222117932e-258
        },
        "bootstrap": {
            "pvalue_two_sided": 0.0,
            "prob_system_ge_baseline": 1.0,
            "prob_system_le_baseline": 0.0
        },
        "significant_95_ci": true
    },
    "comet": {
        "n_splits": 300,
        "sample_ratio": 0.4,
        "sample_size": 1412,
        "baseline_mean": 0.8001106802040642,
        "system_mean": 0.8578075041885754,
        "delta_mean": 0.05769682398451117,
        "delta_std": 0.0037028655836239457,
        "delta_ci_low": 0.05074997533471579,
        "delta_ci_high": 0.06510564793988259,
        "delta_median": 0.05787229829233026,
        "wins": 300,
        "losses": 0,
        "ties": 0,
        "paired_ttest": {
            "statistic": 269.882414901834,
            "pvalue": 0.0
        },
        "bootstrap": {
            "pvalue_two_sided": 0.0,
            "prob_system_ge_baseline": 1.0,
            "prob_system_le_baseline": 0.0
        },
        "significant_95_ci": true
    },
    "cometkiwi": {
        "n_splits": 300,
        "sample_ratio": 0.4,
        "sample_size": 1412,
        "baseline_mean": 0.7677551938116381,
        "system_mean": 0.7903365971309126,
        "delta_mean": 0.02258140331927451,
        "delta_std": 0.002892256522419669,
        "delta_ci_low": 0.016411115990545323,
        "delta_ci_high": 0.02811772751782841,
        "delta_median": 0.022607307057964876,
        "wins": 300,
        "losses": 0,
        "ties": 0,
        "paired_ttest": {
            "statistic": 135.23052866163692,
            "pvalue": 3.4336144567111874e-270
        },
        "bootstrap": {
            "pvalue_two_sided": 0.0,
            "prob_system_ge_baseline": 1.0,
            "prob_system_le_baseline": 0.0
        },
        "significant_95_ci": true
    }
}