{
    "bleu": 43.03832074050434,
    "chrf2": 56.54072172186417,
    "comet": 0.8270400112901126,
    "cometkiwi": 0.7950250821731584
}