{
    "bleu": {
        "n_splits": 300,
        "sample_ratio": 0.4,
        "sample_size": 1412,
        "baseline_mean": 40.65687670544319,
        "system_mean": 46.70331799991083,
        "delta_mean": 6.046441294467641,
        "delta_std": 1.175735129976911,
        "delta_ci_low": 4.544979276051414,
        "delta_ci_high": 9.175738925869629,
        "delta_median": 5.820523439810916,
        "wins": 300,
        "losses": 0,
        "ties": 0,
        "paired_ttest": {
            "statistic": 89.07400365936287,
            "pvalue": 2.5539914330949247e-217
        },
        "bootstrap": {
            "pvalue_two_sided": 0.0,
            "prob_system_ge_baseline": 1.0,
            "prob_system_le_baseline": 0.0
        },
        "significant_95_ci": true
    },
    "comet": {
        "n_splits": 300,
        "sample_ratio": 0.4,
        "sample_size": 1412,
        "baseline_mean": 0.8001106802040642,
        "system_mean": 0.8487233704942735,
        "delta_mean": 0.04861269029020925,
        "delta_std": 0.0036969639904545896,
        "delta_ci_low": 0.04186898342811272,
        "delta_ci_high": 0.055971012756798263,
        "delta_median": 0.04864338640830673,
        "wins": 300,
        "losses": 0,
        "ties": 0,
        "paired_ttest": {
            "statistic": 227.75350177240767,
            "pvalue": 0.0
        },
        "bootstrap": {
            "pvalue_two_sided": 0.0,
            "prob_system_ge_baseline": 1.0,
            "prob_system_le_baseline": 0.0
        },
        "significant_95_ci": true
    },
    "cometkiwi": {
        "n_splits": 300,
        "sample_ratio": 0.4,
        "sample_size": 1412,
        "baseline_mean": 0.7677551938116381,
        "system_mean": 0.8007847621621138,
        "delta_mean": 0.033029568350475505,
        "delta_std": 0.0027875333822447233,
        "delta_ci_low": 0.027884210497879543,
        "delta_ci_high": 0.038828333750071706,
        "delta_median": 0.03272220028020845,
        "wins": 300,
        "losses": 0,
        "ties": 0,
        "paired_ttest": {
            "statistic": 205.23123023202612,
            "pvalue": 1e-323
        },
        "bootstrap": {
            "pvalue_two_sided": 0.0,
            "prob_system_ge_baseline": 1.0,
            "prob_system_le_baseline": 0.0
        },
        "significant_95_ci": true
    }
}