{
    "bleu": {
        "n_splits": 300,
        "sample_ratio": 0.4,
        "sample_size": 1412,
        "baseline_mean": 43.05261735613249,
        "system_mean": 47.32252708595143,
        "delta_mean": 4.269909729818945,
        "delta_std": 0.3613889925109098,
        "delta_ci_low": 3.6347057026529743,
        "delta_ci_high": 4.959337151920387,
        "delta_median": 4.261271540444191,
        "wins": 300,
        "losses": 0,
        "ties": 0,
        "paired_ttest": {
            "statistic": 204.64653736114678,
            "pvalue": 2e-323
        },
        "bootstrap": {
            "pvalue_two_sided": 0.0,
            "prob_system_ge_baseline": 1.0,
            "prob_system_le_baseline": 0.0
        },
        "significant_95_ci": true
    },
    "comet": {
        "n_splits": 300,
        "sample_ratio": 0.4,
        "sample_size": 1412,
        "baseline_mean": 0.8273675948503139,
        "system_mean": 0.8526395565033578,
        "delta_mean": 0.025271961653044024,
        "delta_std": 0.0022637403806353615,
        "delta_ci_low": 0.021038476386695874,
        "delta_ci_high": 0.029810476565876036,
        "delta_median": 0.02527846102589587,
        "wins": 300,
        "losses": 0,
        "ties": 0,
        "paired_ttest": {
            "statistic": 193.36281653340066,
            "pvalue": 4.32147383e-316
        },
        "bootstrap": {
            "pvalue_two_sided": 0.0,
            "prob_system_ge_baseline": 1.0,
            "prob_system_le_baseline": 0.0
        },
        "significant_95_ci": true
    },
    "cometkiwi": {
        "n_splits": 300,
        "sample_ratio": 0.4,
        "sample_size": 1412,
        "baseline_mean": 0.7950529235462825,
        "system_mean": 0.7986136710426373,
        "delta_mean": 0.003560747496354574,
        "delta_std": 0.001796254734560367,
        "delta_ci_low": 0.0004218071720248074,
        "delta_ci_high": 0.007397646502863467,
        "delta_median": 0.003534279457654943,
        "wins": 295,
        "losses": 5,
        "ties": 0,
        "paired_ttest": {
            "statistic": 34.334749175312645,
            "pvalue": 9.214403068930057e-106
        },
        "bootstrap": {
            "pvalue_two_sided": 0.03333333333333333,
            "prob_system_ge_baseline": 0.9833333333333333,
            "prob_system_le_baseline": 0.016666666666666666
        },
        "significant_95_ci": true
    }
}