{
    "lines": 1922,
    "urls": 12,
    "usernames": 13,
    "hashtags": 11,
    "urls_per_line": 0.006243496357960458,
    "usernames_per_line": 0.006763787721123829,
    "hashtags_per_line": 0.005723204994797087
}