{
    "lines": 1922,
    "urls": 16,
    "usernames": 26,
    "hashtags": 13,
    "urls_per_line": 0.008324661810613945,
    "usernames_per_line": 0.013527575442247659,
    "hashtags_per_line": 0.006763787721123829
}