{
    "bleu": 18.15446850953005,
    "chrf2": 41.45652683223647,
    "comet": 0.7232831746308787,
    "cometkiwi": 0.7499684197101335
}