{
    "lines": 1922,
    "urls": 16,
    "usernames": 30,
    "hashtags": 55,
    "urls_per_line": 0.008324661810613945,
    "usernames_per_line": 0.015608740894901144,
    "hashtags_per_line": 0.02861602497398543
}