{
    "bleu": {
        "n_splits": 300,
        "sample_ratio": 0.4,
        "sample_size": 769,
        "baseline_mean": 17.64502444154877,
        "system_mean": 17.71207063504691,
        "delta_mean": 0.06704619349813827,
        "delta_std": 0.6745699371672808,
        "delta_ci_low": -1.3273514642791318,
        "delta_ci_high": 1.5063171086869216,
        "delta_median": 0.12261389977873272,
        "wins": 174,
        "losses": 126,
        "ties": 0,
        "paired_ttest": {
            "statistic": 1.7215029486864335,
            "pvalue": 0.08619390701503177
        },
        "bootstrap": {
            "pvalue_two_sided": 0.84,
            "prob_system_ge_baseline": 0.58,
            "prob_system_le_baseline": 0.42
        },
        "significant_95_ci": false
    }
}