{
    "bleu": {
        "n_splits": 300,
        "sample_ratio": 0.4,
        "sample_size": 769,
        "baseline_mean": 17.64502444154877,
        "system_mean": 17.04738509340944,
        "delta_mean": -0.5976393481393313,
        "delta_std": 0.8540437142183898,
        "delta_ci_low": -2.2848421420733525,
        "delta_ci_high": 0.8155065958205686,
        "delta_median": -0.5188493890934414,
        "wins": 74,
        "losses": 226,
        "ties": 0,
        "paired_ttest": {
            "statistic": -12.120476953887719,
            "pvalue": 8.97277604905262e-28
        },
        "bootstrap": {
            "pvalue_two_sided": 0.49333333333333335,
            "prob_system_ge_baseline": 0.24666666666666667,
            "prob_system_le_baseline": 0.7533333333333333
        },
        "significant_95_ci": false
    }
}