{
    "lines": 1922,
    "urls": 10,
    "usernames": 17,
    "hashtags": 48,
    "urls_per_line": 0.005202913631633715,
    "usernames_per_line": 0.008844953173777315,
    "hashtags_per_line": 0.02497398543184183
}