{
    "lines": 1922,
    "urls": 11,
    "usernames": 43,
    "hashtags": 115,
    "urls_per_line": 0.005723204994797087,
    "usernames_per_line": 0.022372528616024973,
    "hashtags_per_line": 0.05983350676378772
}