{
    "bleu": {
        "n_splits": 300,
        "sample_ratio": 0.4,
        "sample_size": 769,
        "baseline_mean": 17.64502444154877,
        "system_mean": 18.052841957121533,
        "delta_mean": 0.4078175155727635,
        "delta_std": 0.5997096807633973,
        "delta_ci_low": -0.8022651527301835,
        "delta_ci_high": 1.5906125461603593,
        "delta_median": 0.40679321169268157,
        "wins": 238,
        "losses": 62,
        "ties": 0,
        "paired_ttest": {
            "statistic": 11.778376768728831,
            "pvalue": 1.4543809880889473e-26
        },
        "bootstrap": {
            "pvalue_two_sided": 0.41333333333333333,
            "prob_system_ge_baseline": 0.7933333333333333,
            "prob_system_le_baseline": 0.20666666666666667
        },
        "significant_95_ci": false
    }
}