{
    "lines": 1922,
    "urls": 2,
    "usernames": 4,
    "hashtags": 5,
    "urls_per_line": 0.001040582726326743,
    "usernames_per_line": 0.002081165452653486,
    "hashtags_per_line": 0.0026014568158168575
}