{
    "lines": 1922,
    "urls": 18,
    "usernames": 46,
    "hashtags": 109,
    "urls_per_line": 0.009365244536940686,
    "usernames_per_line": 0.023933402705515087,
    "hashtags_per_line": 0.056711758584807495
}