{
    "bleu": {
        "n_splits": 300,
        "sample_ratio": 0.4,
        "sample_size": 1600,
        "baseline_mean": 42.756208523520534,
        "system_mean": 43.91083665008088,
        "delta_mean": 1.1546281265603484,
        "delta_std": 0.2523820337302795,
        "delta_ci_low": 0.6440880836995966,
        "delta_ci_high": 1.6749211516883,
        "delta_median": 1.124663099777024,
        "wins": 300,
        "losses": 0,
        "ties": 0,
        "paired_ttest": {
            "statistic": 79.23997399861892,
            "pvalue": 9.590591341041341e-203
        },
        "bootstrap": {
            "pvalue_two_sided": 0.0,
            "prob_system_ge_baseline": 1.0,
            "prob_system_le_baseline": 0.0
        },
        "significant_95_ci": true
    },
    "comet": {
        "n_splits": 300,
        "sample_ratio": 0.4,
        "sample_size": 1600,
        "baseline_mean": 0.8268103326663995,
        "system_mean": 0.8352659431849296,
        "delta_mean": 0.008455610518530008,
        "delta_std": 0.001554459183953269,
        "delta_ci_low": 0.005517438575159722,
        "delta_ci_high": 0.01169549868069587,
        "delta_median": 0.008457280611619378,
        "wins": 300,
        "losses": 0,
        "ties": 0,
        "paired_ttest": {
            "statistic": 94.21634982953708,
            "pvalue": 2.3389576887057997e-224
        },
        "bootstrap": {
            "pvalue_two_sided": 0.0,
            "prob_system_ge_baseline": 1.0,
            "prob_system_le_baseline": 0.0
        },
        "significant_95_ci": true
    },
    "cometkiwi": {
        "n_splits": 300,
        "sample_ratio": 0.4,
        "sample_size": 1600,
        "baseline_mean": 0.7681003109370669,
        "system_mean": 0.7564680591012041,
        "delta_mean": -0.011632251835862799,
        "delta_std": 0.0021055208264363873,
        "delta_ci_low": -0.01555881752213464,
        "delta_ci_high": -0.007349092264659693,
        "delta_median": -0.011665449608117384,
        "wins": 0,
        "losses": 300,
        "ties": 0,
        "paired_ttest": {
            "statistic": -95.68963143551895,
            "pvalue": 2.6220658251789202e-226
        },
        "bootstrap": {
            "pvalue_two_sided": 0.0,
            "prob_system_ge_baseline": 0.0,
            "prob_system_le_baseline": 1.0
        },
        "significant_95_ci": true
    }
}