{
    "bleu": 42.800600145044704,
    "chrf2": 54.438871113379605,
    "comet": 0.8270086690932512,
    "cometkiwi": 0.768304661847651
}