{
    "bleu": {
        "n_splits": 300,
        "sample_ratio": 0.4,
        "sample_size": 1600,
        "baseline_mean": 40.724983673538674,
        "system_mean": 43.60334083917684,
        "delta_mean": 2.8783571656381546,
        "delta_std": 0.9990567706472314,
        "delta_ci_low": 1.3818158681128936,
        "delta_ci_high": 4.894122639723251,
        "delta_median": 2.8975800375590346,
        "wins": 300,
        "losses": 0,
        "ties": 0,
        "paired_ttest": {
            "statistic": 49.90167725889528,
            "pvalue": 5.039082198207416e-147
        },
        "bootstrap": {
            "pvalue_two_sided": 0.0,
            "prob_system_ge_baseline": 1.0,
            "prob_system_le_baseline": 0.0
        },
        "significant_95_ci": true
    },
    "comet": {
        "n_splits": 300,
        "sample_ratio": 0.4,
        "sample_size": 1600,
        "baseline_mean": 0.7987046187861823,
        "system_mean": 0.827901057587626,
        "delta_mean": 0.029196438801443823,
        "delta_std": 0.004338839060662174,
        "delta_ci_low": 0.020723078992683445,
        "delta_ci_high": 0.03741298992838711,
        "delta_median": 0.029108508653007403,
        "wins": 300,
        "losses": 0,
        "ties": 0,
        "paired_ttest": {
            "statistic": 116.55125875182463,
            "pvalue": 3.013747589252171e-251
        },
        "bootstrap": {
            "pvalue_two_sided": 0.0,
            "prob_system_ge_baseline": 1.0,
            "prob_system_le_baseline": 0.0
        },
        "significant_95_ci": true
    },
    "cometkiwi": {
        "n_splits": 300,
        "sample_ratio": 0.4,
        "sample_size": 1600,
        "baseline_mean": 0.7649179267470415,
        "system_mean": 0.7568029978279024,
        "delta_mean": -0.00811492891913901,
        "delta_std": 0.0033287393455519983,
        "delta_ci_low": -0.014210362249985306,
        "delta_ci_high": -0.0009167031594551634,
        "delta_median": -0.008359194258227898,
        "wins": 2,
        "losses": 298,
        "ties": 0,
        "paired_ttest": {
            "statistic": -42.224601354083994,
            "pvalue": 5.008754652863279e-128
        },
        "bootstrap": {
            "pvalue_two_sided": 0.013333333333333334,
            "prob_system_ge_baseline": 0.006666666666666667,
            "prob_system_le_baseline": 0.9933333333333333
        },
        "significant_95_ci": true
    }
}