{
    "bleu": 44.42563305847259,
    "chrf2": 57.522104028993546,
    "comet": 0.8346370118930936,
    "cometkiwi": 0.7491105574816466
}