{
    "bleu": {
        "n_splits": 300,
        "sample_ratio": 0.4,
        "sample_size": 724,
        "baseline_mean": 21.643277172493956,
        "system_mean": 21.848937439243162,
        "delta_mean": 0.20566026674920973,
        "delta_std": 0.5463746930401603,
        "delta_ci_low": -0.926815604907535,
        "delta_ci_high": 1.1760481556037576,
        "delta_median": 0.23683678913891804,
        "wins": 202,
        "losses": 98,
        "ties": 0,
        "paired_ttest": {
            "statistic": 6.519592427052923,
            "pvalue": 2.996162868533504e-10
        },
        "bootstrap": {
            "pvalue_two_sided": 0.6533333333333333,
            "prob_system_ge_baseline": 0.6733333333333333,
            "prob_system_le_baseline": 0.32666666666666666
        },
        "significant_95_ci": false
    },
    "comet": {
        "n_splits": 300,
        "sample_ratio": 0.4,
        "sample_size": 724,
        "baseline_mean": 0.7379657953310051,
        "system_mean": 0.7586943504807041,
        "delta_mean": 0.020728555149698902,
        "delta_std": 0.004095713669543127,
        "delta_ci_low": 0.01279668468179295,
        "delta_ci_high": 0.02937494603793513,
        "delta_median": 0.02051276543810554,
        "wins": 300,
        "losses": 0,
        "ties": 0,
        "paired_ttest": {
            "statistic": 87.65971838743536,
            "pvalue": 2.565315446528854e-215
        },
        "bootstrap": {
            "pvalue_two_sided": 0.0,
            "prob_system_ge_baseline": 1.0,
            "prob_system_le_baseline": 0.0
        },
        "significant_95_ci": true
    },
    "cometkiwi": {
        "n_splits": 300,
        "sample_ratio": 0.4,
        "sample_size": 724,
        "baseline_mean": 0.7622296166304725,
        "system_mean": 0.785275610516304,
        "delta_mean": 0.023045993885831506,
        "delta_std": 0.0034926050479132283,
        "delta_ci_low": 0.01590047745826501,
        "delta_ci_high": 0.02951755515037321,
        "delta_median": 0.023070185882610506,
        "wins": 300,
        "losses": 0,
        "ties": 0,
        "paired_ttest": {
            "statistic": 114.28956831243055,
            "pvalue": 9.290266226660791e-249
        },
        "bootstrap": {
            "pvalue_two_sided": 0.0,
            "prob_system_ge_baseline": 1.0,
            "prob_system_le_baseline": 0.0
        },
        "significant_95_ci": true
    }
}