{
    "bleu": 21.85658557627292,
    "chrf2": 44.55638051990841,
    "comet": 0.7591449520481166,
    "cometkiwi": 0.7851886464259188
}