{
    "bleu": 21.8946338874177,
    "chrf2": 44.63078431492949,
    "comet": 0.7584805522523841,
    "cometkiwi": 0.7855228737548545
}