{
    "bleu": {
        "n_splits": 300,
        "sample_ratio": 0.4,
        "sample_size": 724,
        "baseline_mean": 21.643277172493956,
        "system_mean": 22.167846347580085,
        "delta_mean": 0.5245691750861278,
        "delta_std": 0.5402491901072336,
        "delta_ci_low": -0.6640357664196145,
        "delta_ci_high": 1.5247194065111327,
        "delta_median": 0.5387535541545247,
        "wins": 248,
        "losses": 52,
        "ties": 0,
        "paired_ttest": {
            "statistic": 16.81780333910957,
            "pvalue": 3.9240606232233235e-45
        },
        "bootstrap": {
            "pvalue_two_sided": 0.3466666666666667,
            "prob_system_ge_baseline": 0.8266666666666667,
            "prob_system_le_baseline": 0.17333333333333334
        },
        "significant_95_ci": false
    },
    "comet": {
        "n_splits": 300,
        "sample_ratio": 0.4,
        "sample_size": 724,
        "baseline_mean": 0.7379657953310051,
        "system_mean": 0.7588613741106008,
        "delta_mean": 0.020895578779595775,
        "delta_std": 0.004001366108315259,
        "delta_ci_low": 0.011848832672533869,
        "delta_ci_high": 0.028672625027720423,
        "delta_median": 0.020893882177975998,
        "wins": 300,
        "losses": 0,
        "ties": 0,
        "paired_ttest": {
            "statistic": 90.44961925530073,
            "pvalue": 3.076967420486625e-219
        },
        "bootstrap": {
            "pvalue_two_sided": 0.0,
            "prob_system_ge_baseline": 1.0,
            "prob_system_le_baseline": 0.0
        },
        "significant_95_ci": true
    },
    "cometkiwi": {
        "n_splits": 300,
        "sample_ratio": 0.4,
        "sample_size": 724,
        "baseline_mean": 0.7622296166304725,
        "system_mean": 0.7876555464597861,
        "delta_mean": 0.025425929829313607,
        "delta_std": 0.003648031261589944,
        "delta_ci_low": 0.018474474281731223,
        "delta_ci_high": 0.03260650595351639,
        "delta_median": 0.025315527469743027,
        "wins": 300,
        "losses": 0,
        "ties": 0,
        "paired_ttest": {
            "statistic": 120.71991475988189,
            "pvalue": 1.0243361694906392e-255
        },
        "bootstrap": {
            "pvalue_two_sided": 0.0,
            "prob_system_ge_baseline": 1.0,
            "prob_system_le_baseline": 0.0
        },
        "significant_95_ci": true
    }
}