{
    "bleu": 21.930381476766797,
    "chrf2": 44.559834914178744,
    "comet": 0.7600196786451366,
    "cometkiwi": 0.7853583294657333
}