{
    "bleu": {
        "n_splits": 300,
        "sample_ratio": 0.4,
        "sample_size": 724,
        "baseline_mean": 22.167846347580085,
        "system_mean": 21.843179151061552,
        "delta_mean": -0.32466719651853176,
        "delta_std": 0.27459633961999497,
        "delta_ci_low": -0.8679378948416245,
        "delta_ci_high": 0.19979766492730794,
        "delta_median": -0.30651818411912046,
        "wins": 27,
        "losses": 273,
        "ties": 0,
        "paired_ttest": {
            "statistic": -20.478790092367966,
            "pvalue": 7.3688600104141725e-59
        },
        "bootstrap": {
            "pvalue_two_sided": 0.18,
            "prob_system_ge_baseline": 0.09,
            "prob_system_le_baseline": 0.91
        },
        "significant_95_ci": false
    },
    "comet": {
        "n_splits": 300,
        "sample_ratio": 0.4,
        "sample_size": 724,
        "baseline_mean": 0.7588613741106008,
        "system_mean": 0.7584951171579447,
        "delta_mean": -0.0003662569526562387,
        "delta_std": 0.002357871427266777,
        "delta_ci_low": -0.005058580826329928,
        "delta_ci_high": 0.003965035280552337,
        "delta_median": -0.00043119210235320615,
        "wins": 134,
        "losses": 166,
        "ties": 0,
        "paired_ttest": {
            "statistic": -2.6904590440765324,
            "pvalue": 0.007536584072422192
        },
        "bootstrap": {
            "pvalue_two_sided": 0.8933333333333333,
            "prob_system_ge_baseline": 0.44666666666666666,
            "prob_system_le_baseline": 0.5533333333333333
        },
        "significant_95_ci": false
    },
    "cometkiwi": {
        "n_splits": 300,
        "sample_ratio": 0.4,
        "sample_size": 724,
        "baseline_mean": 0.7876555464597861,
        "system_mean": 0.7848815402970349,
        "delta_mean": -0.002774006162751223,
        "delta_std": 0.001882810043635043,
        "delta_ci_low": -0.006061368706270845,
        "delta_ci_high": 0.0009003304624261464,
        "delta_median": -0.002729034493806015,
        "wins": 24,
        "losses": 276,
        "ties": 0,
        "paired_ttest": {
            "statistic": -25.518876057820876,
            "pvalue": 4.71776036449176e-77
        },
        "bootstrap": {
            "pvalue_two_sided": 0.16,
            "prob_system_ge_baseline": 0.08,
            "prob_system_le_baseline": 0.92
        },
        "significant_95_ci": false
    }
}