{
    "bleu": {
        "n_splits": 300,
        "sample_ratio": 0.4,
        "sample_size": 724,
        "baseline_mean": 22.167846347580085,
        "system_mean": 21.848937439243162,
        "delta_mean": -0.318908908336918,
        "delta_std": 0.28115957311334033,
        "delta_ci_low": -0.9599108056959634,
        "delta_ci_high": 0.1605591411367791,
        "delta_median": -0.3074334827572862,
        "wins": 39,
        "losses": 261,
        "ties": 0,
        "paired_ttest": {
            "statistic": -19.646011910937112,
            "pvalue": 9.279746565381424e-56
        },
        "bootstrap": {
            "pvalue_two_sided": 0.26,
            "prob_system_ge_baseline": 0.13,
            "prob_system_le_baseline": 0.87
        },
        "significant_95_ci": false
    },
    "comet": {
        "n_splits": 300,
        "sample_ratio": 0.4,
        "sample_size": 724,
        "baseline_mean": 0.7588613741106008,
        "system_mean": 0.7586943504807041,
        "delta_mean": -0.00016702362989687525,
        "delta_std": 0.0022843989510779802,
        "delta_ci_low": -0.004874777539700087,
        "delta_ci_high": 0.003941480350778368,
        "delta_median": -6.640789958323179e-05,
        "wins": 146,
        "losses": 154,
        "ties": 0,
        "paired_ttest": {
            "statistic": -1.2663874360012906,
            "pvalue": 0.20636009197983438
        },
        "bootstrap": {
            "pvalue_two_sided": 0.9733333333333334,
            "prob_system_ge_baseline": 0.4866666666666667,
            "prob_system_le_baseline": 0.5133333333333333
        },
        "significant_95_ci": false
    },
    "cometkiwi": {
        "n_splits": 300,
        "sample_ratio": 0.4,
        "sample_size": 724,
        "baseline_mean": 0.7876555464597861,
        "system_mean": 0.785275610516304,
        "delta_mean": -0.0023799359434821025,
        "delta_std": 0.0018346765028740457,
        "delta_ci_low": -0.005759250889249256,
        "delta_ci_high": 0.0006708764023461923,
        "delta_median": -0.0023387291401789634,
        "wins": 29,
        "losses": 271,
        "ties": 0,
        "paired_ttest": {
            "statistic": -22.468102504244964,
            "pvalue": 3.5963055229325235e-66
        },
        "bootstrap": {
            "pvalue_two_sided": 0.19333333333333333,
            "prob_system_ge_baseline": 0.09666666666666666,
            "prob_system_le_baseline": 0.9033333333333333
        },
        "significant_95_ci": false
    }
}