{
    "bleu": 43.48034936882388,
    "chrf2": 58.700010099580716,
    "comet": 0.8362601987447684,
    "cometkiwi": 0.7764520683386508
}