{
    "bleu": 40.86753239455551,
    "chrf2": 56.10306705788369,
    "comet": 0.825751197405645,
    "cometkiwi": 0.7833388441851726
}