{
    "bleu": {
        "n_splits": 300,
        "sample_ratio": 0.4,
        "sample_size": 1412,
        "baseline_mean": 40.87616345306953,
        "system_mean": 43.17745850732555,
        "delta_mean": 2.3012950542560127,
        "delta_std": 0.43454760393822817,
        "delta_ci_low": 1.433107578333867,
        "delta_ci_high": 3.117630249726686,
        "delta_median": 2.3155867963389944,
        "wins": 300,
        "losses": 0,
        "ties": 0,
        "paired_ttest": {
            "statistic": 91.72665827758198,
            "pvalue": 5.378769038935375e-221
        },
        "bootstrap": {
            "pvalue_two_sided": 0.0,
            "prob_system_ge_baseline": 1.0,
            "prob_system_le_baseline": 0.0
        },
        "significant_95_ci": true
    },
    "comet": {
        "n_splits": 300,
        "sample_ratio": 0.4,
        "sample_size": 1412,
        "baseline_mean": 0.8259671861215427,
        "system_mean": 0.833354118186787,
        "delta_mean": 0.007386932065244327,
        "delta_std": 0.0027163547664495013,
        "delta_ci_low": 0.002189436850399215,
        "delta_ci_high": 0.012534763256652516,
        "delta_median": 0.0072859039334923215,
        "wins": 300,
        "losses": 0,
        "ties": 0,
        "paired_ttest": {
            "statistic": 47.10188008978808,
            "pvalue": 2.273317678276281e-140
        },
        "bootstrap": {
            "pvalue_two_sided": 0.0,
            "prob_system_ge_baseline": 1.0,
            "prob_system_le_baseline": 0.0
        },
        "significant_95_ci": true
    },
    "cometkiwi": {
        "n_splits": 300,
        "sample_ratio": 0.4,
        "sample_size": 1412,
        "baseline_mean": 0.7835055716368841,
        "system_mean": 0.7745860537470118,
        "delta_mean": -0.008919517889872152,
        "delta_std": 0.00206730996423519,
        "delta_ci_low": -0.01286026222140608,
        "delta_ci_high": -0.004979238795807753,
        "delta_median": -0.008830512084974429,
        "wins": 0,
        "losses": 300,
        "ties": 0,
        "paired_ttest": {
            "statistic": -74.73024573745306,
            "pvalue": 1.6829713682915536e-195
        },
        "bootstrap": {
            "pvalue_two_sided": 0.0,
            "prob_system_ge_baseline": 0.0,
            "prob_system_le_baseline": 1.0
        },
        "significant_95_ci": true
    }
}