{
    "bleu": 42.34664296971411,
    "chrf2": 57.91616508629721,
    "comet": 0.8296096304151898,
    "cometkiwi": 0.7767752773532111
}