{
    "bleu": {
        "n_splits": 300,
        "sample_ratio": 0.4,
        "sample_size": 1412,
        "baseline_mean": 40.65687670544319,
        "system_mean": 43.47999199719931,
        "delta_mean": 2.8231152917561206,
        "delta_std": 1.2413116793711958,
        "delta_ci_low": 1.192677538936768,
        "delta_ci_high": 6.031615530385269,
        "delta_median": 2.5855990330323664,
        "wins": 300,
        "losses": 0,
        "ties": 0,
        "paired_ttest": {
            "statistic": 39.39203346111448,
            "pvalue": 2.221779388216975e-120
        },
        "bootstrap": {
            "pvalue_two_sided": 0.0,
            "prob_system_ge_baseline": 1.0,
            "prob_system_le_baseline": 0.0
        },
        "significant_95_ci": true
    },
    "comet": {
        "n_splits": 300,
        "sample_ratio": 0.4,
        "sample_size": 1412,
        "baseline_mean": 0.8001106802040642,
        "system_mean": 0.8365354504790843,
        "delta_mean": 0.03642477027502006,
        "delta_std": 0.003952242669932482,
        "delta_ci_low": 0.02873227243594002,
        "delta_ci_high": 0.044773481338266405,
        "delta_median": 0.03633937638559015,
        "wins": 300,
        "losses": 0,
        "ties": 0,
        "paired_ttest": {
            "statistic": 159.6297546462073,
            "pvalue": 1.9527477546379122e-291
        },
        "bootstrap": {
            "pvalue_two_sided": 0.0,
            "prob_system_ge_baseline": 1.0,
            "prob_system_le_baseline": 0.0
        },
        "significant_95_ci": true
    },
    "cometkiwi": {
        "n_splits": 300,
        "sample_ratio": 0.4,
        "sample_size": 1412,
        "baseline_mean": 0.7677551938116381,
        "system_mean": 0.7765627367464549,
        "delta_mean": 0.008807542934816778,
        "delta_std": 0.0030089492274709253,
        "delta_ci_low": 0.003028347038745749,
        "delta_ci_high": 0.01456615067385242,
        "delta_median": 0.00879184382495396,
        "wins": 299,
        "losses": 1,
        "ties": 0,
        "paired_ttest": {
            "statistic": 50.69913348378148,
            "pvalue": 7.252614845285816e-149
        },
        "bootstrap": {
            "pvalue_two_sided": 0.006666666666666667,
            "prob_system_ge_baseline": 0.9966666666666667,
            "prob_system_le_baseline": 0.0033333333333333335
        },
        "significant_95_ci": true
    }
}