{
    "bleu": {
        "n_splits": 300,
        "sample_ratio": 0.4,
        "sample_size": 1412,
        "baseline_mean": 40.87616345306953,
        "system_mean": 41.97961354700411,
        "delta_mean": 1.1034500939345735,
        "delta_std": 0.4495809190865618,
        "delta_ci_low": 0.2598432978026043,
        "delta_ci_high": 1.9321264675362344,
        "delta_median": 1.1094424780297452,
        "wins": 297,
        "losses": 3,
        "ties": 0,
        "paired_ttest": {
            "statistic": 42.51140440289338,
            "pvalue": 8.826718237469771e-129
        },
        "bootstrap": {
            "pvalue_two_sided": 0.02,
            "prob_system_ge_baseline": 0.99,
            "prob_system_le_baseline": 0.01
        },
        "significant_95_ci": true
    },
    "comet": {
        "n_splits": 300,
        "sample_ratio": 0.4,
        "sample_size": 1412,
        "baseline_mean": 0.8259671861215427,
        "system_mean": 0.830689409550304,
        "delta_mean": 0.004722223428761316,
        "delta_std": 0.002516039203002716,
        "delta_ci_low": -0.0002251253152007304,
        "delta_ci_high": 0.009926791210255184,
        "delta_median": 0.004755910913388783,
        "wins": 290,
        "losses": 10,
        "ties": 0,
        "paired_ttest": {
            "statistic": 32.50796288684808,
            "pvalue": 3.703242283091705e-100
        },
        "bootstrap": {
            "pvalue_two_sided": 0.06666666666666667,
            "prob_system_ge_baseline": 0.9666666666666667,
            "prob_system_le_baseline": 0.03333333333333333
        },
        "significant_95_ci": false
    },
    "cometkiwi": {
        "n_splits": 300,
        "sample_ratio": 0.4,
        "sample_size": 1412,
        "baseline_mean": 0.7835055716368841,
        "system_mean": 0.7783060534723364,
        "delta_mean": -0.005199518164547684,
        "delta_std": 0.002011846458094436,
        "delta_ci_low": -0.008988273401267108,
        "delta_ci_high": -0.0015337533452060403,
        "delta_median": -0.005065023223671583,
        "wins": 2,
        "losses": 298,
        "ties": 0,
        "paired_ttest": {
            "statistic": -44.76400074985806,
            "pvalue": 1.4087055599335645e-134
        },
        "bootstrap": {
            "pvalue_two_sided": 0.013333333333333334,
            "prob_system_ge_baseline": 0.006666666666666667,
            "prob_system_le_baseline": 0.9933333333333333
        },
        "significant_95_ci": true
    }
}