{
    "bleu": 43.182435744600596,
    "chrf2": 58.46812283621734,
    "comet": 0.8330541953486694,
    "cometkiwi": 0.7744183795394708
}