{
    "bleu": {
        "n_splits": 300,
        "sample_ratio": 0.4,
        "sample_size": 1412,
        "baseline_mean": 40.65687670544319,
        "system_mean": 43.17745850732555,
        "delta_mean": 2.5205818018823556,
        "delta_std": 1.2251807819882856,
        "delta_ci_low": 0.9317784788314963,
        "delta_ci_high": 5.577771241963021,
        "delta_median": 2.25649975701106,
        "wins": 300,
        "losses": 0,
        "ties": 0,
        "paired_ttest": {
            "statistic": 35.6337269542275,
            "pvalue": 1.2200035437961134e-109
        },
        "bootstrap": {
            "pvalue_two_sided": 0.0,
            "prob_system_ge_baseline": 1.0,
            "prob_system_le_baseline": 0.0
        },
        "significant_95_ci": true
    },
    "comet": {
        "n_splits": 300,
        "sample_ratio": 0.4,
        "sample_size": 1412,
        "baseline_mean": 0.8001106802040642,
        "system_mean": 0.833354118186787,
        "delta_mean": 0.033243437982722765,
        "delta_std": 0.003950060730238288,
        "delta_ci_low": 0.025056862763838873,
        "delta_ci_high": 0.04089083296402485,
        "delta_median": 0.03308314258607353,
        "wins": 300,
        "losses": 0,
        "ties": 0,
        "paired_ttest": {
            "statistic": 145.7681983559462,
            "pvalue": 8.652903378046456e-280
        },
        "bootstrap": {
            "pvalue_two_sided": 0.0,
            "prob_system_ge_baseline": 1.0,
            "prob_system_le_baseline": 0.0
        },
        "significant_95_ci": true
    },
    "cometkiwi": {
        "n_splits": 300,
        "sample_ratio": 0.4,
        "sample_size": 1412,
        "baseline_mean": 0.7677551938116381,
        "system_mean": 0.7745860537470118,
        "delta_mean": 0.006830859935373713,
        "delta_std": 0.003039504557753937,
        "delta_ci_low": 0.0013274289345732604,
        "delta_ci_high": 0.012932567132198999,
        "delta_median": 0.006986006271231304,
        "wins": 297,
        "losses": 3,
        "ties": 0,
        "paired_ttest": {
            "statistic": 38.925411173578965,
            "pvalue": 4.3895332507169215e-119
        },
        "bootstrap": {
            "pvalue_two_sided": 0.02,
            "prob_system_ge_baseline": 0.99,
            "prob_system_le_baseline": 0.01
        },
        "significant_95_ci": true
    }
}