{
    "bleu": {
        "n_splits": 300,
        "sample_ratio": 0.4,
        "sample_size": 1412,
        "baseline_mean": 40.87616345306953,
        "system_mean": 43.47999199719931,
        "delta_mean": 2.6038285441297777,
        "delta_std": 0.39623471882229294,
        "delta_ci_low": 1.8043098469119445,
        "delta_ci_high": 3.347505974223513,
        "delta_median": 2.6490231197898986,
        "wins": 300,
        "losses": 0,
        "ties": 0,
        "paired_ttest": {
            "statistic": 113.82049876991084,
            "pvalue": 3.0911139904443433e-248
        },
        "bootstrap": {
            "pvalue_two_sided": 0.0,
            "prob_system_ge_baseline": 1.0,
            "prob_system_le_baseline": 0.0
        },
        "significant_95_ci": true
    },
    "comet": {
        "n_splits": 300,
        "sample_ratio": 0.4,
        "sample_size": 1412,
        "baseline_mean": 0.8259671861215427,
        "system_mean": 0.8365354504790843,
        "delta_mean": 0.010568264357541617,
        "delta_std": 0.0026355012803299656,
        "delta_ci_low": 0.0049401362102066805,
        "delta_ci_high": 0.015486046663424836,
        "delta_median": 0.01066077132274007,
        "wins": 300,
        "losses": 0,
        "ties": 0,
        "paired_ttest": {
            "statistic": 69.45460794004842,
            "pvalue": 1.64584910717888e-186
        },
        "bootstrap": {
            "pvalue_two_sided": 0.0,
            "prob_system_ge_baseline": 1.0,
            "prob_system_le_baseline": 0.0
        },
        "significant_95_ci": true
    },
    "cometkiwi": {
        "n_splits": 300,
        "sample_ratio": 0.4,
        "sample_size": 1412,
        "baseline_mean": 0.7835055716368841,
        "system_mean": 0.7765627367464549,
        "delta_mean": -0.0069428348904290865,
        "delta_std": 0.002010066043486189,
        "delta_ci_low": -0.010759047830408739,
        "delta_ci_high": -0.0026885342844906435,
        "delta_median": -0.006907043836103244,
        "wins": 0,
        "losses": 300,
        "ties": 0,
        "paired_ttest": {
            "statistic": -59.825610296509154,
            "pvalue": 1.9737131044116494e-168
        },
        "bootstrap": {
            "pvalue_two_sided": 0.0,
            "prob_system_ge_baseline": 0.0,
            "prob_system_le_baseline": 1.0
        },
        "significant_95_ci": true
    }
}