{
    "bleu": 40.65021587289268,
    "chrf2": 52.56318582228844,
    "comet": 0.8199678542874753,
    "cometkiwi": 0.7741060598865152
}