{
    "bleu": 40.282845109455224,
    "chrf2": 52.450250540583895,
    "comet": 0.8198816053681075,
    "cometkiwi": 0.7756194089949131
}