{
    "default": {
        "default": 100.00000000000004,
        "rocsmt": 70.52663979484092,
        "footweets": 70.02287175551386,
        "mmtc": 70.1267763546656,
        "pfsmb": 68.83359102947766
    },
    "rocsmt": {
        "default": 70.4418784112504,
        "rocsmt": 100.00000000000004,
        "footweets": 81.27440971744062,
        "mmtc": 81.97747327568436,
        "pfsmb": 76.91411673065382
    },
    "footweets": {
        "default": 70.08311407521212,
        "rocsmt": 81.43383892736728,
        "footweets": 100.00000000000004,
        "mmtc": 89.4885653953483,
        "pfsmb": 85.68452359422767
    },
    "mmtc": {
        "default": 70.18055739201927,
        "rocsmt": 82.13317623102871,
        "footweets": 89.47905252328545,
        "mmtc": 100.00000000000004,
        "pfsmb": 85.38126812529909
    },
    "pfsmb": {
        "default": 68.82800113615772,
        "rocsmt": 77.00218761077076,
        "footweets": 85.60533310651913,
        "mmtc": 85.30989247795854,
        "pfsmb": 100.00000000000004
    }
}