{
    "default": {
        "default": 100.0,
        "rocsmt": 79.07671328318114,
        "footweets": 79.30937570814267,
        "mmtc": 79.10586109688008,
        "pfsmb": 78.16019796526685
    },
    "rocsmt": {
        "default": 79.71507948490869,
        "rocsmt": 100.0,
        "footweets": 88.24467232638412,
        "mmtc": 88.27478441163223,
        "pfsmb": 84.40574235332438
    },
    "footweets": {
        "default": 78.72033798283505,
        "rocsmt": 86.88655136574695,
        "footweets": 100.0,
        "mmtc": 92.63587292554227,
        "pfsmb": 89.91310459233443
    },
    "mmtc": {
        "default": 78.59458545780602,
        "rocsmt": 87.0029489664734,
        "footweets": 92.72961369954955,
        "mmtc": 100.0,
        "pfsmb": 89.78225095404133
    },
    "pfsmb": {
        "default": 77.81602354099888,
        "rocsmt": 83.35948937344135,
        "footweets": 90.18630943036001,
        "mmtc": 89.96605717147234,
        "pfsmb": 100.0
    }
}