{
    "bleu": {
        "n_splits": 300,
        "sample_ratio": 0.4,
        "sample_size": 724,
        "baseline_mean": 23.708197494570594,
        "system_mean": 22.368761253273295,
        "delta_mean": -1.339436241297297,
        "delta_std": 0.32449353664856,
        "delta_ci_low": -1.9598072648594564,
        "delta_ci_high": -0.7491956988866281,
        "delta_median": -1.3241036994463542,
        "wins": 0,
        "losses": 300,
        "ties": 0,
        "paired_ttest": {
            "statistic": -71.49515664894831,
            "pvalue": 4.668350135503726e-190
        },
        "bootstrap": {
            "pvalue_two_sided": 0.0,
            "prob_system_ge_baseline": 0.0,
            "prob_system_le_baseline": 1.0
        },
        "significant_95_ci": true
    },
    "comet": {
        "n_splits": 300,
        "sample_ratio": 0.4,
        "sample_size": 724,
        "baseline_mean": 0.7692000538950466,
        "system_mean": 0.759804609529331,
        "delta_mean": -0.009395444365715676,
        "delta_std": 0.002519769427449442,
        "delta_ci_low": -0.01390777164298368,
        "delta_ci_high": -0.00432768629874141,
        "delta_median": -0.00918904698109102,
        "wins": 0,
        "losses": 300,
        "ties": 0,
        "paired_ttest": {
            "statistic": -64.58284168317148,
            "pvalue": 1.178586138514368e-177
        },
        "bootstrap": {
            "pvalue_two_sided": 0.0,
            "prob_system_ge_baseline": 0.0,
            "prob_system_le_baseline": 1.0
        },
        "significant_95_ci": true
    },
    "cometkiwi": {
        "n_splits": 300,
        "sample_ratio": 0.4,
        "sample_size": 724,
        "baseline_mean": 0.7861723825785557,
        "system_mean": 0.7817590854514533,
        "delta_mean": -0.004413297127102182,
        "delta_std": 0.0021081485850210236,
        "delta_ci_low": -0.00834183070643997,
        "delta_ci_high": -0.0004011848941445178,
        "delta_median": -0.004366711296593884,
        "wins": 7,
        "losses": 293,
        "ties": 0,
        "paired_ttest": {
            "statistic": -36.25956399540267,
            "pvalue": 1.7741569348442093e-111
        },
        "bootstrap": {
            "pvalue_two_sided": 0.04666666666666667,
            "prob_system_ge_baseline": 0.023333333333333334,
            "prob_system_le_baseline": 0.9766666666666667
        },
        "significant_95_ci": true
    }
}