{
    "bleu": {
        "n_splits": 300,
        "sample_ratio": 0.4,
        "sample_size": 724,
        "baseline_mean": 23.708197494570594,
        "system_mean": 22.564308327411283,
        "delta_mean": -1.1438891671593168,
        "delta_std": 0.3085730595149475,
        "delta_ci_low": -1.75177110868638,
        "delta_ci_high": -0.6042982455940876,
        "delta_median": -1.135688570614608,
        "wins": 0,
        "losses": 300,
        "ties": 0,
        "paired_ttest": {
            "statistic": -64.20761938394723,
            "pvalue": 5.988050774068658e-177
        },
        "bootstrap": {
            "pvalue_two_sided": 0.0,
            "prob_system_ge_baseline": 0.0,
            "prob_system_le_baseline": 1.0
        },
        "significant_95_ci": true
    },
    "comet": {
        "n_splits": 300,
        "sample_ratio": 0.4,
        "sample_size": 724,
        "baseline_mean": 0.7692000538950466,
        "system_mean": 0.7612996683878958,
        "delta_mean": -0.007900385507150911,
        "delta_std": 0.002387153384932475,
        "delta_ci_low": -0.012588010432497096,
        "delta_ci_high": -0.0026611777043062446,
        "delta_median": -0.007787665012627065,
        "wins": 0,
        "losses": 300,
        "ties": 0,
        "paired_ttest": {
            "statistic": -57.32295705897114,
            "pvalue": 2.515695269907807e-163
        },
        "bootstrap": {
            "pvalue_two_sided": 0.0,
            "prob_system_ge_baseline": 0.0,
            "prob_system_le_baseline": 1.0
        },
        "significant_95_ci": true
    },
    "cometkiwi": {
        "n_splits": 300,
        "sample_ratio": 0.4,
        "sample_size": 724,
        "baseline_mean": 0.7861723825785557,
        "system_mean": 0.7823807016795786,
        "delta_mean": -0.00379168089897703,
        "delta_std": 0.002226424362935655,
        "delta_ci_low": -0.008065755665302283,
        "delta_ci_high": 0.00047228202141449927,
        "delta_median": -0.003869626856311259,
        "wins": 12,
        "losses": 288,
        "ties": 0,
        "paired_ttest": {
            "statistic": -29.49744923944876,
            "pvalue": 1.5719355401660552e-90
        },
        "bootstrap": {
            "pvalue_two_sided": 0.08,
            "prob_system_ge_baseline": 0.04,
            "prob_system_le_baseline": 0.96
        },
        "significant_95_ci": false
    }
}