{
    "bleu": {
        "n_splits": 300,
        "sample_ratio": 0.4,
        "sample_size": 724,
        "baseline_mean": 21.643277172493956,
        "system_mean": 23.708197494570594,
        "delta_mean": 2.0649203220766394,
        "delta_std": 0.5285622649771151,
        "delta_ci_low": 1.0863962902877993,
        "delta_ci_high": 3.054692160374139,
        "delta_median": 2.0614450044457033,
        "wins": 300,
        "losses": 0,
        "ties": 0,
        "paired_ttest": {
            "statistic": 67.66557411307221,
            "pvalue": 2.5293212741697008e-183
        },
        "bootstrap": {
            "pvalue_two_sided": 0.0,
            "prob_system_ge_baseline": 1.0,
            "prob_system_le_baseline": 0.0
        },
        "significant_95_ci": true
    },
    "comet": {
        "n_splits": 300,
        "sample_ratio": 0.4,
        "sample_size": 724,
        "baseline_mean": 0.7379657953310051,
        "system_mean": 0.7692000538950466,
        "delta_mean": 0.031234258564041575,
        "delta_std": 0.004311685282489539,
        "delta_ci_low": 0.02275522920092089,
        "delta_ci_high": 0.039843901412468914,
        "delta_median": 0.031062557377456335,
        "wins": 300,
        "losses": 0,
        "ties": 0,
        "paired_ttest": {
            "statistic": 125.47140903203106,
            "pvalue": 1.2422044602670812e-260
        },
        "bootstrap": {
            "pvalue_two_sided": 0.0,
            "prob_system_ge_baseline": 1.0,
            "prob_system_le_baseline": 0.0
        },
        "significant_95_ci": true
    },
    "cometkiwi": {
        "n_splits": 300,
        "sample_ratio": 0.4,
        "sample_size": 724,
        "baseline_mean": 0.7622296166304725,
        "system_mean": 0.7861723825785557,
        "delta_mean": 0.023942765948083082,
        "delta_std": 0.0035312554420890603,
        "delta_ci_low": 0.01749019180604602,
        "delta_ci_high": 0.031209393791360424,
        "delta_median": 0.023904935554575513,
        "wins": 300,
        "losses": 0,
        "ties": 0,
        "paired_ttest": {
            "statistic": 117.43723379942338,
            "pvalue": 3.286206453514648e-252
        },
        "bootstrap": {
            "pvalue_two_sided": 0.0,
            "prob_system_ge_baseline": 1.0,
            "prob_system_le_baseline": 0.0
        },
        "significant_95_ci": true
    }
}