{
    "bleu": {
        "n_splits": 300,
        "sample_ratio": 0.4,
        "sample_size": 724,
        "baseline_mean": 21.643277172493956,
        "system_mean": 22.564308327411283,
        "delta_mean": 0.9210311549173226,
        "delta_std": 0.5346367439759272,
        "delta_ci_low": -0.11179061626310104,
        "delta_ci_high": 1.8981824980544102,
        "delta_median": 0.8972946859289266,
        "wins": 284,
        "losses": 16,
        "ties": 0,
        "paired_ttest": {
            "statistic": 29.83844215059176,
            "pvalue": 1.205390745222048e-91
        },
        "bootstrap": {
            "pvalue_two_sided": 0.10666666666666667,
            "prob_system_ge_baseline": 0.9466666666666667,
            "prob_system_le_baseline": 0.05333333333333334
        },
        "significant_95_ci": false
    },
    "comet": {
        "n_splits": 300,
        "sample_ratio": 0.4,
        "sample_size": 724,
        "baseline_mean": 0.7379657953310051,
        "system_mean": 0.7612996683878958,
        "delta_mean": 0.02333387305689067,
        "delta_std": 0.004096839235360671,
        "delta_ci_low": 0.01579835887391181,
        "delta_ci_high": 0.031984190928919506,
        "delta_median": 0.023363588470451058,
        "wins": 300,
        "losses": 0,
        "ties": 0,
        "paired_ttest": {
            "statistic": 98.65032858273514,
            "pvalue": 3.8271691286848677e-230
        },
        "bootstrap": {
            "pvalue_two_sided": 0.0,
            "prob_system_ge_baseline": 1.0,
            "prob_system_le_baseline": 0.0
        },
        "significant_95_ci": true
    },
    "cometkiwi": {
        "n_splits": 300,
        "sample_ratio": 0.4,
        "sample_size": 724,
        "baseline_mean": 0.7622296166304725,
        "system_mean": 0.7823807016795786,
        "delta_mean": 0.020151085049106055,
        "delta_std": 0.003599456458418003,
        "delta_ci_low": 0.012882674844595968,
        "delta_ci_high": 0.02744933179893541,
        "delta_median": 0.02011297241841231,
        "wins": 300,
        "losses": 0,
        "ties": 0,
        "paired_ttest": {
            "statistic": 96.96659352849446,
            "pvalue": 5.63360686967872e-228
        },
        "bootstrap": {
            "pvalue_two_sided": 0.0,
            "prob_system_ge_baseline": 1.0,
            "prob_system_le_baseline": 0.0
        },
        "significant_95_ci": true
    }
}