{
    "bleu": 39.902728569801965,
    "chrf2": 52.20341290709107,
    "comet": 0.8171002687253058,
    "cometkiwi": 0.7761066629886627
}