{
    "bleu": 39.78763380273145,
    "chrf2": 52.39819670691864,
    "comet": 0.8196910807490349,
    "cometkiwi": 0.7743014168739318
}