{
    "bleu": {
        "n_splits": 300,
        "sample_ratio": 0.4,
        "sample_size": 1600,
        "baseline_mean": 40.724983673538674,
        "system_mean": 37.749178959266686,
        "delta_mean": -2.975804714271992,
        "delta_std": 1.788744780005879,
        "delta_ci_low": -6.573249222953237,
        "delta_ci_high": 0.2080722895056496,
        "delta_median": -2.9199279287919104,
        "wins": 10,
        "losses": 290,
        "ties": 0,
        "paired_ttest": {
            "statistic": -28.81487071903648,
            "pvalue": 2.805719184766897e-88
        },
        "bootstrap": {
            "pvalue_two_sided": 0.06666666666666667,
            "prob_system_ge_baseline": 0.03333333333333333,
            "prob_system_le_baseline": 0.9666666666666667
        },
        "significant_95_ci": false
    }
}