{
    "bleu": 40.4127937480744,
    "chrf2": 52.533326518755906,
    "comet": 0.8118164677768945,
    "cometkiwi": 0.7701746792420745
}