{
    "bleu": {
        "n_splits": 300,
        "sample_ratio": 0.4,
        "sample_size": 1600,
        "baseline_mean": 40.724983673538674,
        "system_mean": 35.63454293308861,
        "delta_mean": -5.090440740450068,
        "delta_std": 2.182453538631873,
        "delta_ci_low": -10.05621032252269,
        "delta_ci_high": -1.7665576233605393,
        "delta_median": -4.735041863393558,
        "wins": 4,
        "losses": 296,
        "ties": 0,
        "paired_ttest": {
            "statistic": -40.39903640242052,
            "pvalue": 3.8515687286164e-123
        },
        "bootstrap": {
            "pvalue_two_sided": 0.02666666666666667,
            "prob_system_ge_baseline": 0.013333333333333334,
            "prob_system_le_baseline": 0.9866666666666667
        },
        "significant_95_ci": true
    }
}