{
    "bleu": {
        "n_splits": 300,
        "sample_ratio": 0.4,
        "sample_size": 1600,
        "baseline_mean": 40.724983673538674,
        "system_mean": 36.4399837031196,
        "delta_mean": -4.284999970419079,
        "delta_std": 1.6576381186162372,
        "delta_ci_low": -7.453389829705493,
        "delta_ci_high": -1.1546305225741742,
        "delta_median": -4.397108320793556,
        "wins": 3,
        "losses": 297,
        "ties": 0,
        "paired_ttest": {
            "statistic": -44.77357015289068,
            "pvalue": 1.3324625559122784e-134
        },
        "bootstrap": {
            "pvalue_two_sided": 0.02,
            "prob_system_ge_baseline": 0.01,
            "prob_system_le_baseline": 0.99
        },
        "significant_95_ci": true
    }
}