{
    "default": {
        "default": 100.00000000000004,
        "rocsmt": 80.32468645526066,
        "footweets": 80.37281209768814,
        "mmtc": 80.79071193357105,
        "pfsmb": 79.69776623953187
    },
    "rocsmt": {
        "default": 80.2792483388651,
        "rocsmt": 100.00000000000004,
        "footweets": 94.53087206177928,
        "mmtc": 92.66531640949418,
        "pfsmb": 91.43997241609067
    },
    "footweets": {
        "default": 80.32618245155433,
        "rocsmt": 94.52941485977735,
        "footweets": 100.00000000000004,
        "mmtc": 93.32331727966108,
        "pfsmb": 91.97671431196326
    },
    "mmtc": {
        "default": 80.76380568143728,
        "rocsmt": 92.68767254412987,
        "footweets": 93.34723939503098,
        "mmtc": 100.00000000000004,
        "pfsmb": 93.83178271589607
    },
    "pfsmb": {
        "default": 79.66837647975157,
        "rocsmt": 91.45869899309217,
        "footweets": 91.99694283809626,
        "mmtc": 93.82829833263868,
        "pfsmb": 100.00000000000004
    }
}