{
    "default": {
        "default": 100.0,
        "rocsmt": 86.7102600332119,
        "footweets": 86.7937249147083,
        "mmtc": 87.04605333527795,
        "pfsmb": 86.3089819938886
    },
    "rocsmt": {
        "default": 86.76932022390474,
        "rocsmt": 100.0,
        "footweets": 96.32106760434016,
        "mmtc": 95.28091309799908,
        "pfsmb": 94.44180562706917
    },
    "footweets": {
        "default": 86.86451192246628,
        "rocsmt": 96.33397994486647,
        "footweets": 100.0,
        "mmtc": 95.71887334788455,
        "pfsmb": 94.78886041739443
    },
    "mmtc": {
        "default": 87.00925219463596,
        "rocsmt": 95.17559066240952,
        "footweets": 95.6002364291332,
        "mmtc": 100.0,
        "pfsmb": 95.92400547952924
    },
    "pfsmb": {
        "default": 86.30796449530355,
        "rocsmt": 94.37646918471775,
        "footweets": 94.7105783170041,
        "mmtc": 95.9637261098922,
        "pfsmb": 100.0
    }
}