{
    "bleu": 21.63705645229304,
    "chrf2": 44.091135575383255,
    "comet": 0.7381930184123792,
    "cometkiwi": 0.7623374701172294
}