{
    "default": {
        "default": 100.00000000000004,
        "rocsmt": 82.93876237494496,
        "footweets": 83.15144277378694,
        "mmtc": 83.30821939853985,
        "pfsmb": 82.90648454075315
    },
    "rocsmt": {
        "default": 82.93439407388954,
        "rocsmt": 100.00000000000004,
        "footweets": 96.11209714283777,
        "mmtc": 94.35632533505117,
        "pfsmb": 93.17922439813337
    },
    "footweets": {
        "default": 83.15137685584573,
        "rocsmt": 96.11717658201293,
        "footweets": 100.00000000000004,
        "mmtc": 94.71206696489526,
        "pfsmb": 93.66563048023347
    },
    "mmtc": {
        "default": 83.2927811944231,
        "rocsmt": 94.34347186309007,
        "footweets": 94.69425983199045,
        "mmtc": 100.00000000000004,
        "pfsmb": 94.22157308803345
    },
    "pfsmb": {
        "default": 82.90818797397841,
        "rocsmt": 93.18614981482008,
        "footweets": 93.66768340876426,
        "mmtc": 94.24120611308327,
        "pfsmb": 100.00000000000004
    }
}