{
    "default": {
        "default": 100.0,
        "rocsmt": 86.92424453233744,
        "footweets": 87.09590070122344,
        "mmtc": 87.23950954232913,
        "pfsmb": 88.29034850016849
    },
    "rocsmt": {
        "default": 87.06652108834668,
        "rocsmt": 100.0,
        "footweets": 97.34018597237892,
        "mmtc": 95.94849877976367,
        "pfsmb": 93.97255568008042
    },
    "footweets": {
        "default": 87.1983022321664,
        "rocsmt": 97.29532532752678,
        "footweets": 100.0,
        "mmtc": 96.24086056935684,
        "pfsmb": 94.27843304921765
    },
    "mmtc": {
        "default": 87.44559162055172,
        "rocsmt": 96.01621316433354,
        "footweets": 96.35319123235979,
        "mmtc": 100.0,
        "pfsmb": 94.87550889224539
    },
    "pfsmb": {
        "default": 88.41608022414631,
        "rocsmt": 93.95337552188654,
        "footweets": 94.3026487131444,
        "mmtc": 94.78896085024037,
        "pfsmb": 100.0
    }
}