{
    "bleu": 17.953952240250754,
    "chrf2": 40.534008539362645,
    "comet": 0.7047686768573603,
    "cometkiwi": 0.734336960343615
}