{
    "bleu": 18.016868841893782,
    "chrf2": 40.6215572096494,
    "comet": 0.7060478324619094,
    "cometkiwi": 0.7380477091865411
}