{
    "bleu": 40.99755882657292,
    "chrf2": 57.564360004689654,
    "comet": 0.8000443030518107,
    "cometkiwi": 0.767684529101207
}