{
    "default": 1.1966701352757543,
    "footweets": 3.3818938605619144,
    "mmtc": 4.0582726326742975,
    "pfsmb": 3.1737773152965656,
    "rocsmt": 3.433922996878252
}