{
    "bleu": 19.869944833361583,
    "chrf2": 41.978027444722834,
    "comet": 0.7190082289984026,
    "cometkiwi": 0.7351554172282164
}