{
    "bleu": {
        "n_splits": 300,
        "sample_ratio": 0.4,
        "sample_size": 769,
        "baseline_mean": 21.36507127012726,
        "system_mean": 20.04204737760447,
        "delta_mean": -1.3230238925227893,
        "delta_std": 0.5704033778232998,
        "delta_ci_low": -2.513028904602602,
        "delta_ci_high": -0.29573892872010776,
        "delta_median": -1.3227948333337025,
        "wins": 2,
        "losses": 298,
        "ties": 0,
        "paired_ttest": {
            "statistic": -40.17410644063356,
            "pvalue": 1.5784580818449354e-122
        },
        "bootstrap": {
            "pvalue_two_sided": 0.013333333333333334,
            "prob_system_ge_baseline": 0.006666666666666667,
            "prob_system_le_baseline": 0.9933333333333333
        },
        "significant_95_ci": true
    },
    "comet": {
        "n_splits": 300,
        "sample_ratio": 0.4,
        "sample_size": 769,
        "baseline_mean": 0.7321331574071859,
        "system_mean": 0.7349253158036847,
        "delta_mean": 0.002792158396498799,
        "delta_std": 0.005063124924641083,
        "delta_ci_low": -0.0063560435734931146,
        "delta_ci_high": 0.012761565088082502,
        "delta_median": 0.0029067491678950175,
        "wins": 211,
        "losses": 89,
        "ties": 0,
        "paired_ttest": {
            "statistic": 9.55172996419557,
            "pvalue": 4.832789383496449e-19
        },
        "bootstrap": {
            "pvalue_two_sided": 0.5933333333333334,
            "prob_system_ge_baseline": 0.7033333333333334,
            "prob_system_le_baseline": 0.2966666666666667
        },
        "significant_95_ci": false
    },
    "cometkiwi": {
        "n_splits": 300,
        "sample_ratio": 0.4,
        "sample_size": 769,
        "baseline_mean": 0.7554536526881104,
        "system_mean": 0.7541429546935299,
        "delta_mean": -0.0013106979945804516,
        "delta_std": 0.004262042118179753,
        "delta_ci_low": -0.009691524036684024,
        "delta_ci_high": 0.007330156207782259,
        "delta_median": -0.0014541139450742757,
        "wins": 124,
        "losses": 176,
        "ties": 0,
        "paired_ttest": {
            "statistic": -5.326544076860372,
            "pvalue": 1.9718264799050666e-07
        },
        "bootstrap": {
            "pvalue_two_sided": 0.8266666666666667,
            "prob_system_ge_baseline": 0.41333333333333333,
            "prob_system_le_baseline": 0.5866666666666667
        },
        "significant_95_ci": false
    }
}