{
    "bleu": 19.399627206779137,
    "chrf2": 41.39996746571272,
    "comet": 0.7104172828635366,
    "cometkiwi": 0.7310437375018674
}