{
    "bleu": 19.13567037018927,
    "chrf2": 41.18001700466244,
    "comet": 0.709359676250558,
    "cometkiwi": 0.7259694159216985
}