{
    "bleu": 19.34585815161361,
    "chrf2": 41.3824323604366,
    "comet": 0.7126896351916981,
    "cometkiwi": 0.7309180114662486
}