{
    "bleu": {
        "n_splits": 300,
        "sample_ratio": 0.4,
        "sample_size": 769,
        "baseline_mean": 21.36507127012726,
        "system_mean": 19.888067990814683,
        "delta_mean": -1.477003279312576,
        "delta_std": 0.573271977931727,
        "delta_ci_low": -2.6279845063459986,
        "delta_ci_high": -0.3997434641641149,
        "delta_median": -1.461519874353467,
        "wins": 0,
        "losses": 300,
        "ties": 0,
        "paired_ttest": {
            "statistic": -44.62532307867136,
            "pvalue": 3.158257618350414e-134
        },
        "bootstrap": {
            "pvalue_two_sided": 0.0,
            "prob_system_ge_baseline": 0.0,
            "prob_system_le_baseline": 1.0
        },
        "significant_95_ci": true
    },
    "comet": {
        "n_splits": 300,
        "sample_ratio": 0.4,
        "sample_size": 769,
        "baseline_mean": 0.7321331574071859,
        "system_mean": 0.719515806391325,
        "delta_mean": -0.012617351015860971,
        "delta_std": 0.006133835333406193,
        "delta_ci_low": -0.023987557842688117,
        "delta_ci_high": -0.0001938006134585408,
        "delta_median": -0.012637749304619528,
        "wins": 7,
        "losses": 293,
        "ties": 0,
        "paired_ttest": {
            "statistic": -35.62843119928728,
            "pvalue": 1.264719585492103e-109
        },
        "bootstrap": {
            "pvalue_two_sided": 0.04666666666666667,
            "prob_system_ge_baseline": 0.023333333333333334,
            "prob_system_le_baseline": 0.9766666666666667
        },
        "significant_95_ci": true
    },
    "cometkiwi": {
        "n_splits": 300,
        "sample_ratio": 0.4,
        "sample_size": 769,
        "baseline_mean": 0.7554536526881104,
        "system_mean": 0.7355171370397774,
        "delta_mean": -0.019936515648332983,
        "delta_std": 0.005635831403269578,
        "delta_ci_low": -0.03203741041132005,
        "delta_ci_high": -0.00943605655462749,
        "delta_median": -0.01987652955346675,
        "wins": 0,
        "losses": 300,
        "ties": 0,
        "paired_ttest": {
            "statistic": -61.27056605840234,
            "pvalue": 2.686518792799827e-171
        },
        "bootstrap": {
            "pvalue_two_sided": 0.0,
            "prob_system_ge_baseline": 0.0,
            "prob_system_le_baseline": 1.0
        },
        "significant_95_ci": true
    }
}