{
    "bleu": 20.041555514825276,
    "chrf2": 42.554990039265284,
    "comet": 0.7348551298496503,
    "cometkiwi": 0.7541643256761529
}