{
    "bleu": 21.687322377179772,
    "chrf2": 44.24899984645441,
    "comet": 0.7542094128762646,
    "cometkiwi": 0.7791664910645192
}