{
    "bleu": 21.610249603332715,
    "chrf2": 44.24633848171059,
    "comet": 0.7531426930480272,
    "cometkiwi": 0.778999822150284
}