{
    "comet": {
        "n_splits": 300,
        "sample_ratio": 0.4,
        "sample_size": 769,
        "baseline_mean": 0.7531645826682106,
        "system_mean": 0.7531481794579544,
        "delta_mean": -1.6403210256133635e-05,
        "delta_std": 0.002145446830241158,
        "delta_ci_low": -0.00387738537871721,
        "delta_ci_high": 0.004292389099402624,
        "delta_median": -6.090137521369554e-05,
        "wins": 147,
        "losses": 153,
        "ties": 0,
        "paired_ttest": {
            "statistic": -0.1324255309914383,
            "pvalue": 0.894736793045882
        },
        "bootstrap": {
            "pvalue_two_sided": 0.98,
            "prob_system_ge_baseline": 0.49,
            "prob_system_le_baseline": 0.51
        },
        "significant_95_ci": false
    },
    "cometkiwi": {
        "n_splits": 300,
        "sample_ratio": 0.4,
        "sample_size": 769,
        "baseline_mean": 0.7815728455052058,
        "system_mean": 0.7785592236602054,
        "delta_mean": -0.0030136218450004314,
        "delta_std": 0.002043192669505777,
        "delta_ci_low": -0.007154580343257879,
        "delta_ci_high": 0.0007688157832049179,
        "delta_median": -0.0031389473551116653,
        "wins": 20,
        "losses": 280,
        "ties": 0,
        "paired_ttest": {
            "statistic": -25.547008993541464,
            "pvalue": 3.762681050447008e-77
        },
        "bootstrap": {
            "pvalue_two_sided": 0.13333333333333333,
            "prob_system_ge_baseline": 0.06666666666666667,
            "prob_system_le_baseline": 0.9333333333333333
        },
        "significant_95_ci": false
    },
    "bleu": {
        "n_splits": 300,
        "sample_ratio": 0.4,
        "sample_size": 769,
        "baseline_mean": 21.901012007059972,
        "system_mean": 21.62139155803965,
        "delta_mean": -0.27962044902032557,
        "delta_std": 0.2916044764740935,
        "delta_ci_low": -0.7986388275745017,
        "delta_ci_high": 0.24956091575973074,
        "delta_median": -0.2612625559152395,
        "wins": 51,
        "losses": 249,
        "ties": 0,
        "paired_ttest": {
            "statistic": -16.6086896331118,
            "pvalue": 2.4056554799917487e-44
        },
        "bootstrap": {
            "pvalue_two_sided": 0.34,
            "prob_system_ge_baseline": 0.17,
            "prob_system_le_baseline": 0.83
        },
        "significant_95_ci": false
    }
}