{
    "bleu": 21.89585741099849,
    "chrf2": 44.44910333329376,
    "comet": 0.7532954213212357,
    "cometkiwi": 0.7815535201862625
}