{
    "bleu": 21.615626012696826,
    "chrf2": 44.295201825427974,
    "comet": 0.7525739601186238,
    "cometkiwi": 0.7788764030423546
}