{
    "bleu": {
        "n_splits": 300,
        "sample_ratio": 0.4,
        "sample_size": 769,
        "baseline_mean": 21.36507127012726,
        "system_mean": 21.901012007059972,
        "delta_mean": 0.5359407369327124,
        "delta_std": 0.5411799901533384,
        "delta_ci_low": -0.4765388110463535,
        "delta_ci_high": 1.512508412329098,
        "delta_median": 0.5614305019535966,
        "wins": 243,
        "losses": 57,
        "ties": 0,
        "paired_ttest": {
            "statistic": 17.152825365001853,
            "pvalue": 2.1463755974088944e-46
        },
        "bootstrap": {
            "pvalue_two_sided": 0.38,
            "prob_system_ge_baseline": 0.81,
            "prob_system_le_baseline": 0.19
        },
        "significant_95_ci": false
    },
    "comet": {
        "n_splits": 300,
        "sample_ratio": 0.4,
        "sample_size": 769,
        "baseline_mean": 0.7321331574071859,
        "system_mean": 0.7531645826682106,
        "delta_mean": 0.021031425261024694,
        "delta_std": 0.004100238979564871,
        "delta_ci_low": 0.012414119665853669,
        "delta_ci_high": 0.028708874521430647,
        "delta_median": 0.02098239343056285,
        "wins": 300,
        "losses": 0,
        "ties": 0,
        "paired_ttest": {
            "statistic": 88.84237550355687,
            "pvalue": 5.408325939192591e-217
        },
        "bootstrap": {
            "pvalue_two_sided": 0.0,
            "prob_system_ge_baseline": 1.0,
            "prob_system_le_baseline": 0.0
        },
        "significant_95_ci": true
    },
    "cometkiwi": {
        "n_splits": 300,
        "sample_ratio": 0.4,
        "sample_size": 769,
        "baseline_mean": 0.7554536526881104,
        "system_mean": 0.7815728455052058,
        "delta_mean": 0.026119192817095405,
        "delta_std": 0.003701556692916906,
        "delta_ci_low": 0.01902408444059838,
        "delta_ci_high": 0.03340996166761425,
        "delta_median": 0.02608624265392362,
        "wins": 300,
        "losses": 0,
        "ties": 0,
        "paired_ttest": {
            "statistic": 122.21822537114082,
            "pvalue": 2.7567301554366502e-257
        },
        "bootstrap": {
            "pvalue_two_sided": 0.0,
            "prob_system_ge_baseline": 1.0,
            "prob_system_le_baseline": 0.0
        },
        "significant_95_ci": true
    }
}