{
    "bleu": 21.634853957922807,
    "chrf2": 44.23578431541012,
    "comet": 0.7535003174743717,
    "cometkiwi": 0.7787630818823001
}