question,annotator_1,annotator_2,n_items,cohen_kappa,percent_agreement
overall_pref,annotator_1,annotator_2,43,0.5024793388429751,0.6744186046511628
overall_pref,annotator_1,annotator_3,46,0.3318809005083514,0.5652173913043478
overall_pref,annotator_2,annotator_3,41,0.6117424242424243,0.7560975609756098
guideline_pref,annotator_1,annotator_2,48,0.30168453292496167,0.6041666666666666
guideline_pref,annotator_1,annotator_3,46,0.15559440559440563,0.5434782608695652
guideline_pref,annotator_2,annotator_3,44,0.24006908462866994,0.7727272727272727
