{
    "bleu": 42.001451401213046,
    "chrf2": 56.60900501084004,
    "comet": 0.8303965038432616,
    "cometkiwi": 0.778127087910182
}