{
    "bleu": 21.33208553424466,
    "chrf2": 43.82509062573216,
    "comet": 0.7321388013312026,
    "cometkiwi": 0.7552096357144624
}