{
    "default": {
        "default": 100.00000000000004,
        "rocsmt": 87.63924171363583,
        "footweets": 87.82650924279427,
        "mmtc": 87.97266125281642,
        "pfsmb": 87.28735635849375
    },
    "rocsmt": {
        "default": 87.58737973894821,
        "rocsmt": 100.00000000000004,
        "footweets": 97.68175220334884,
        "mmtc": 96.70678208912832,
        "pfsmb": 95.96338896689005
    },
    "footweets": {
        "default": 87.7676455681861,
        "rocsmt": 97.67384654372898,
        "footweets": 100.00000000000004,
        "mmtc": 97.09673907588815,
        "pfsmb": 96.06050737978028
    },
    "mmtc": {
        "default": 87.90471641735766,
        "rocsmt": 96.68880631332598,
        "footweets": 97.08651420660165,
        "mmtc": 100.00000000000004,
        "pfsmb": 96.52044182775215
    },
    "pfsmb": {
        "default": 87.22967531743447,
        "rocsmt": 95.95659234523387,
        "footweets": 96.06148443135525,
        "mmtc": 96.53157923060665,
        "pfsmb": 100.00000000000004
    }
}