{
    "default": {
        "default": 100.0,
        "rocsmt": 92.05982585311591,
        "footweets": 92.1705214089713,
        "mmtc": 92.29630777551255,
        "pfsmb": 91.86148495429542
    },
    "rocsmt": {
        "default": 92.23573375225057,
        "rocsmt": 100.0,
        "footweets": 98.59160766871861,
        "mmtc": 97.94590923156838,
        "pfsmb": 97.44340995616744
    },
    "footweets": {
        "default": 92.34682822626449,
        "rocsmt": 98.59190324894641,
        "footweets": 100.0,
        "mmtc": 98.1550966807052,
        "pfsmb": 97.53577152536626
    },
    "mmtc": {
        "default": 92.50965418289883,
        "rocsmt": 97.9851650822422,
        "footweets": 98.1941442522768,
        "mmtc": 100.0,
        "pfsmb": 97.83919621853407
    },
    "pfsmb": {
        "default": 92.0592742957441,
        "rocsmt": 97.46704692113045,
        "footweets": 97.55915370497469,
        "mmtc": 97.82372964392279,
        "pfsmb": 100.0
    }
}