{
    "bleu": 47.14845692293491,
    "chrf2": 61.924938111931105,
    "comet": 0.8543381699252737,
    "cometkiwi": 0.783655301555358
}