{
    "bleu": 47.21256277862617,
    "chrf2": 62.0699998047287,
    "comet": 0.8543651296379884,
    "cometkiwi": 0.782234490306114
}