{
    "bleu": {
        "n_splits": 300,
        "sample_ratio": 0.4,
        "sample_size": 1412,
        "baseline_mean": 45.32631474435365,
        "system_mean": 46.969113017349905,
        "delta_mean": 1.6427982729962556,
        "delta_std": 1.363195752862239,
        "delta_ci_low": -0.05850442719666872,
        "delta_ci_high": 5.045164957154557,
        "delta_median": 1.2982653534341289,
        "wins": 290,
        "losses": 10,
        "ties": 0,
        "paired_ttest": {
            "statistic": 20.87308495087038,
            "pvalue": 2.551986981150159e-60
        },
        "bootstrap": {
            "pvalue_two_sided": 0.06666666666666667,
            "prob_system_ge_baseline": 0.9666666666666667,
            "prob_system_le_baseline": 0.03333333333333333
        },
        "significant_95_ci": false
    },
    "comet": {
        "n_splits": 300,
        "sample_ratio": 0.4,
        "sample_size": 1412,
        "baseline_mean": 0.8516814978626875,
        "system_mean": 0.8549105149549735,
        "delta_mean": 0.0032290170922861317,
        "delta_std": 0.0012399387252793295,
        "delta_ci_low": 0.0011319912653469405,
        "delta_ci_high": 0.005751489060627526,
        "delta_median": 0.0032144362059430276,
        "wins": 299,
        "losses": 1,
        "ties": 0,
        "paired_ttest": {
            "statistic": 45.10562940187201,
            "pvalue": 1.9430535764313704e-135
        },
        "bootstrap": {
            "pvalue_two_sided": 0.006666666666666667,
            "prob_system_ge_baseline": 0.9966666666666667,
            "prob_system_le_baseline": 0.0033333333333333335
        },
        "significant_95_ci": true
    },
    "cometkiwi": {
        "n_splits": 300,
        "sample_ratio": 0.4,
        "sample_size": 1412,
        "baseline_mean": 0.7904493345489779,
        "system_mean": 0.7854483681608333,
        "delta_mean": -0.005000966388144726,
        "delta_std": 0.0017478434360855867,
        "delta_ci_low": -0.008761302931049536,
        "delta_ci_high": -0.0018323276624632573,
        "delta_median": -0.005048688300608228,
        "wins": 0,
        "losses": 300,
        "ties": 0,
        "paired_ttest": {
            "statistic": -49.55780187389012,
            "pvalue": 3.189684659380103e-146
        },
        "bootstrap": {
            "pvalue_two_sided": 0.0,
            "prob_system_ge_baseline": 0.0,
            "prob_system_le_baseline": 1.0
        },
        "significant_95_ci": true
    }
}