{
    "bleu": {
        "n_splits": 300,
        "sample_ratio": 0.4,
        "sample_size": 1412,
        "baseline_mean": 40.65687670544319,
        "system_mean": 45.32631474435365,
        "delta_mean": 4.66943803891046,
        "delta_std": 1.855855963627323,
        "delta_ci_low": 1.0679240343389445,
        "delta_ci_high": 8.689178974631162,
        "delta_median": 4.686525711640126,
        "wins": 297,
        "losses": 3,
        "ties": 0,
        "paired_ttest": {
            "statistic": 43.57937299390439,
            "pvalue": 1.4797515974108196e-131
        },
        "bootstrap": {
            "pvalue_two_sided": 0.02,
            "prob_system_ge_baseline": 0.99,
            "prob_system_le_baseline": 0.01
        },
        "significant_95_ci": true
    },
    "comet": {
        "n_splits": 300,
        "sample_ratio": 0.4,
        "sample_size": 1412,
        "baseline_mean": 0.8001106802040642,
        "system_mean": 0.8516814978626875,
        "delta_mean": 0.05157081765862318,
        "delta_std": 0.0035855540023843435,
        "delta_ci_low": 0.0449685152451226,
        "delta_ci_high": 0.05926917670532094,
        "delta_median": 0.05172570355806405,
        "wins": 300,
        "losses": 0,
        "ties": 0,
        "paired_ttest": {
            "statistic": 249.11987467824179,
            "pvalue": 0.0
        },
        "bootstrap": {
            "pvalue_two_sided": 0.0,
            "prob_system_ge_baseline": 1.0,
            "prob_system_le_baseline": 0.0
        },
        "significant_95_ci": true
    },
    "cometkiwi": {
        "n_splits": 300,
        "sample_ratio": 0.4,
        "sample_size": 1412,
        "baseline_mean": 0.7677551938116381,
        "system_mean": 0.7904493345489779,
        "delta_mean": 0.022694140737339837,
        "delta_std": 0.002795438142104219,
        "delta_ci_low": 0.01770333017752882,
        "delta_ci_high": 0.028641333970803175,
        "delta_median": 0.022575997660416736,
        "wins": 300,
        "losses": 0,
        "ties": 0,
        "paired_ttest": {
            "statistic": 140.61267963383813,
            "pvalue": 3.515561511076115e-275
        },
        "bootstrap": {
            "pvalue_two_sided": 0.0,
            "prob_system_ge_baseline": 1.0,
            "prob_system_le_baseline": 0.0
        },
        "significant_95_ci": true
    }
}